fid,DN,Area in km2
"1","243",0.000624999992363155
"2","218",0.00125000001195446
"3","243",0.000625000001519918
"4","243",0.0037500009948872
"5","218",0.0031250005247239
"6","14",0.00874999972530827
"7","243",0.00187500028342009
"8","218",0.000624999999500811
"9","243",0.000625000001510605
"10","243",0.000625000005923212
"11","243",0.00187500012349151
"12","243",0.000624999999217689
"13","243",0.00312499934471585
"14","172",0.000624999997770414
"15","14",0.000625000011511147
"16","14",0.0131249999857396
"17","243",0.000624999991631135
"18","243",0.00312499999478459
"19","243",0.00437499987586029
"20","243",0.00624999972837418
"21","243",0.00125000000463985
"22","14",0.000625000001003966
"23","243",0.000625000005574897
"24","243",0.000624999996308237
"25","243",0.000624999994484708
"26","243",0.00125000000095367
"27","243",0.000624999999012798
"28","218",0.0124999993269518
"29","14",0.00625000013983436
"30","243",0.000625000008109957
"31","243",0.000624999998608604
"32","243",0.000625000003412366
"33","243",0.000624999999396503
"34","14",0.00499999969392829
"35","243",0.00062499999871105
"36","14",0.00187499972836114
"37","218",0.00187499986954592
"38","172",0.00187500000047684
"39","243",0.000624999997755513
"40","243",0.00375000011782721
"41","14",0.00750000322340243
"42","243",0.00062500000218302
"43","243",0.00250000053541549
"44","243",0.000624999991640449
"45","243",0.000624999997226521
"46","14",0.000625000005399808
"47","218",0.00249999999681301
"48","243",0.000624999997092411
"49","243",0.000625000004259869
"50","14",0.000624999998930842
"51","218",0.00062500001014024
"52","14",0.000625000002063811
"53","218",0.000625000000050291
"54","218",0.000625000002952293
"55","14",0.0343750006616842
"56","218",0.00249999999970943
"57","14",0.00812499986952729
"58","243",0.00249999956976622
"59","243",0.000624999998694286
"60","243",0.00125000000658631
"61","243",0.000624999997645617
"62","243",0.000625000002663583
"63","218",0.000625000001829117
"64","218",0.00437500030290894
"65","243",0.0156249996877816
"66","218",0.000625000003552064
"67","218",0.0100000004189052
"68","243",0.000625000000858679
"69","243",0.0106250001182221
"70","218",0.00374999986504391
"71","14",0.000625000002611428
"72","243",0.000624999995518476
"73","14",0.000624999996963888
"74","243",0.00124999999768287
"75","243",0.00187500026962161
"76","243",0.000625000001208857
"77","77",0.00124999999432266
"78","172",0.00187499988245405
"79","218",0.000624999997634441
"80","243",0.000624999994657934
"81","243",0.00250000002986938
"82","243",0.000624999994521961
"83","218",0.0262499992680866
"84","243",0.000625000003900379
"85","243",0.0324999992559869
"86","243",0.000624999995898455
"87","243",0.00124999999542534
"88","243",0.00312500180658698
"89","243",0.000625000000456348
"90","172",0.000625000000232831
"91","243",0.000624999997638166
"92","172",0.00312499997983314
"93","243",0.000624999994693324
"94","243",0.000624999996066093
"95","243",0.000625000008972362
"96","243",0.0143749997551795
"97","14",0.0512499997172877
"98","218",0.00249999999254383
"99","172",0.00124999999645352
"100","172",0.000624999994305894
"101","243",0.000624999996531755
"102","77",0.000624999994469807
"103","218",0.000624999993674457
"104","14",0.000624999993111938
"105","172",0.0150000037572067
"106","243",0.00062500000885129
"107","218",0.000625000001180917
"108","218",0.0056249996909257
"109","243",0.0218750011087675
"110","218",0.000625000004535541
"111","14",0.00374999946410209
"112","218",0.00249999999283627
"113","243",0.00125000000106543
"114","14",0.00124999999455363
"115","243",0.000625000005265698
"116","243",0.000624999996043742
"117","172",0.00312499946731701
"118","243",0.000624999998146668
"119","172",0.00124999999302998
"120","243",0.000624999996062368
"121","218",0.000624999989166856
"122","14",0.000625000004166737
"123","218",0.00562499789883569
"124","243",0.00437499919935875
"125","14",0.00125000000054017
"126","243",0.00249999999863096
"127","218",0.000624999999981374
"128","243",0.00062499999557808
"129","243",0.00562499984767288
"130","243",0.000624999998209998
"131","243",0.000624999996198341
"132","172",0.00249999999951571
"133","14",0.00437499933609739
"134","243",0.0118749977673534
"135","243",0.00499999985849485
"136","218",0.00125000000088662
"137","172",0.00624999723080359
"138","218",0.000624999988960102
"139","14",0.00312499932351336
"140","218",0.00249999998438545
"141","172",0.00187499986746907
"142","243",0.000624999999307096
"143","218",0.00187499972511828
"144","218",0.00124999999613315
"145","218",0.00250000000391528
"146","243",0.000625000012144446
"147","243",0.000624999995240942
"148","14",0.000624999997304752
"149","218",0.00125000000559352
"150","218",0.000625000000003725
"151","243",0.000624999997343868
"152","243",0.00124999999625236
"153","218",0.000625000001581386
"154","218",0.00249999999842793
"155","218",0.000624999999333173
"156","218",0.000625000000495464
"157","243",0.00500000070311874
"158","243",0.000625000000871718
"159","243",0.00437500067988783
"160","218",0.000625000001933426
"161","172",0.00124999999677204
"162","243",0.000624999996820465
"163","172",0.000624999993816018
"164","243",0.00249999997583218
"165","243",0.000625000004930422
"166","243",0.000624999991470948
"167","14",0.0006249999953527
"168","14",0.000625000007363036
"169","172",0.000624999995781109
"170","172",0.000624999996427447
"171","218",0.000625000006871298
"172","243",0.000625000010756776
"173","218",0.000624999999564141
"174","218",0.030624999902213
"175","14",0.0218750022024475
"176","243",0.00375000067008473
"177","218",0.00687500095800869
"178","218",0.00999999788543768
"179","243",0.00500000212223828
"180","218",0.0162499981726594
"181","218",0.00125000000704452
"182","172",0.0025000000013113
"183","243",0.000625000003503636
"184","243",0.00187499972683191
"185","218",0.00375000000272505
"186","218",0.00437499972517602
"187","243",0.000624999999905005
"188","218",0.000625000001639128
"189","14",0.000624999996308237
"190","243",0.000625000009050593
"191","14",0.000624999997740611
"192","172",0.000624999995747581
"193","243",0.00125000000082701
"194","243",0.00062500000202097
"195","218",0.00624999999158271
"196","243",0.000625000005403534
"197","172",0.000624999999998137
"198","14",0.00250000000603124
"199","243",0.000624999983171001
"200","243",0.000625000001575798
"201","243",0.00062499999259226
"202","243",0.0199999988745227
"203","243",0.00312500015239418
"204","172",0.00250000000143051
"205","243",0.000624999985931441
"206","218",0.00437499920209311
"207","218",0.00187500013238378
"208","14",0.00125000000567362
"209","218",0.00124999999951199
"210","243",0.00625000091749243
"211","14",0.00687500179455802
"212","14",0.000625000000912696
"213","218",0.00250000000686385
"214","14",0.00187499987886101
"215","218",0.00187500012690574
"216","243",0.00124999999336526
"217","243",0.000624999995015562
"218","218",0.000624999997990206
"219","243",0.000624999998625368
"220","218",0.0006249999998454
"221","243",0.00187499987160414
"222","243",0.00062500000131689
"223","218",0.000624999999824911
"224","243",0.00125000000180304
"225","243",0.00187500028650463
"226","243",0.000625000001465902
"227","172",0.00187500011928938
"228","172",0.00125000000026077
"229","243",0.00124999999755248
"230","243",0.000625000002039596
"231","243",0.000624999998237938
"232","218",0.00124999999929592
"233","14",0.000624999999566004
"234","218",0.00124999999922141
"235","243",0.000625000002495945
"236","218",0.00124999999997392
"237","218",0.003749999488784
"238","243",0.00125000000688434
"239","243",0.00125000000545755
"240","243",0.0012499999928195
"241","218",0.00125000000094995
"242","243",0.000624999995388091
"243","243",0.00375000081407838
"244","243",0.000625000002164394
"245","218",0.000624999997228384
"246","218",0.000625000007700175
"247","218",0.000625000001626089
"248","243",0.00125000000817142
"249","243",0.00562499961839058
"250","243",0.00124999998896569
"251","218",0.00625000000123307
"252","243",0.00187499999403208
"253","218",0.001249999992989
"254","243",0.000625000001907349
"255","218",0.000624999989960343
"256","243",0.00062499999666214
"257","218",0.0037500018107947
"258","172",0.001250000000095
"259","243",0.0262500097825322
"260","243",0.051875004938677
"261","218",0.00062499999384582
"262","218",0.00249999999204278
"263","243",0.000625000000011176
"264","218",0.00374999999934062
"265","243",0.000625000002540648
"266","172",0.000624999994166195
"267","218",0.00250000000479072
"268","243",0.000624999995941296
"269","14",0.000625000000281259
"270","243",0.00249999956688657
"271","243",0.0200000001618005
"272","218",0.00875000013279356
"273","243",0.000624999997431412
"274","243",0.00437500041341037
"275","218",0.00750000112252682
"276","243",0.000624999995665625
"277","243",0.000624999996803701
"278","243",0.00125000000041164
"279","243",0.00562500011235103
"280","243",0.00187500012451969
"281","243",0.000625000001566485
"282","218",0.000624999996623024
"283","243",0.00124999999507889
"284","243",0.00187500026478246
"285","14",0.000625000009130687
"286","243",0.000624999996231869
"287","172",0.000624999997284263
"288","243",0.00062499999018386
"289","243",0.000624999991707504
"290","243",0.000624999999117106
"291","243",0.000625000006590039
"292","243",0.000625000002982095
"293","243",0.000625000000575557
"294","218",0.00124999999317341
"295","243",0.00125000000607409
"296","243",0.000625000001721084
"297","243",0.000625000000191852
"298","14",0.00375000000290573
"299","218",0.000625000000458211
"300","218",0.00062499999172613
"301","14",0.000625000003347173
"302","243",0.00062500001017563
"303","243",0.000625000000322238
"304","14",0.000625000002257526
"305","243",0.00500000011340529
"306","243",0.00124999999644607
"307","14",0.000625000004284084
"308","243",0.000624999998625368
"309","243",0.00124999999934994
"310","243",0.000625000001963228
"311","243",0.000624999994581565
"312","243",0.000624999988663942
"313","243",0.000624999996483326
"314","243",0.000625000001013279
"315","243",0.000625000002106652
"316","218",0.000624999993816018
"317","243",0.000625000002481043
"318","243",0.000624999999048188
"319","172",0.00249999999459833
"320","218",0.0100000001277514
"321","218",0.00249999971023574
"322","218",0.00124999999721348
"323","218",0.00249999999606237
"324","243",0.0006250000020843
"325","243",0.00312499960702285
"326","243",0.00374999986397848
"327","243",0.000625000001750886
"328","14",0.00312500038116053
"329","218",0.00375000001114979
"330","14",0.000625000001491979
"331","218",0.000625000002810731
"332","243",0.00375000002645701
"333","243",0.0143749995585512
"334","218",0.00187499972176366
"335","243",0.00062499999384582
"336","243",0.0025000000222642
"337","243",0.00874999987403303
"338","243",0.0043749999927599
"339","243",0.00875000054144859
"340","243",0.00437499974397756
"341","218",0.000625000006146729
"342","243",0.00437500029945932
"343","14",0.00062499999836646
"344","243",0.00749999314040318
"345","14",0.000625000003809109
"346","218",0.00625000000251085
"347","243",0.000625000001588836
"348","243",0.000625000000491738
"349","14",0.000624999997671694
"350","218",0.00125000000149012
"351","243",0.000624999996513128
"352","243",0.000624999997250736
"353","243",0.00374999845883064
"354","172",0.000624999992549419
"355","218",0.000625000005282462
"356","14",0.00062499999868311
"357","243",0.000624999993389472
"358","218",0.000625000000545755
"359","172",0.00375000000806712
"360","243",0.00250000002241507
"361","172",0.00500000180038251
"362","243",0.000625000002998859
"363","218",0.0174999995525908
"364","243",0.000625000003861263
"365","172",0.03562500024206
"366","218",0.000624999998092651
"367","172",0.000625000002857298
"368","243",0.0012499999971725
"369","218",0.000624999995730817
"370","218",0.00062500000041537
"371","14",0.000625000004280359
"372","243",0.000624999998779967
"373","218",0.00562500001500733
"374","14",0.000625000000180677
"375","243",0.000625000000566244
"376","218",0.013125000432957
"377","243",0.000625000007024035
"378","243",0.000625000006884336
"379","243",0.000625000005209818
"380","243",0.0224999988623839
"381","243",0.00124999999906495
"382","172",0.0318750000218861
"383","14",0.000625000007990748
"384","14",0.000624999995565042
"385","172",0.000625000011596829
"386","218",0.0018750000065472
"387","243",0.000625000000337139
"388","243",0.0012499999912791
"389","218",0.229999998686947
"390","218",0.00375000000662729
"391","243",0.000625000010533258
"392","14",0.00062499999621138
"393","243",0.00124999999299087
"394","243",0.00124999999405444
"395","243",0.000625000003645197
"396","243",0.000624999997938052
"397","243",0.00062500000022538
"398","14",0.00062499999480322
"399","218",0.000624999993607402
"400","243",0.00250000080445781
"401","243",0.000625000006383285
"402","243",0.00250000080256537
"403","14",0.00500000376622006
"404","14",0.00124999999644235
"405","243",0.00125000000583008
"406","218",0.00562499946339801
"407","243",0.000624999995294958
"408","243",0.000625000004684553
"409","218",0.000624999996731058
"410","218",0.000624999990997836
"411","243",0.00187500027878955
"412","172",0.000624999993382022
"413","218",0.00124999999977276
"414","243",0.000624999997934327
"415","218",0.00312499986445531
"416","218",0.000625000008942559
"417","14",0.000624999997222796
"418","243",0.00500000170256011
"419","243",0.000624999990686774
"420","243",0.000625000002333894
"421","243",0.000624999992186204
"422","243",0.000625000000670552
"423","172",0.000624999997116625
"424","243",0.000625000003408641
"425","243",0.00187499971565977
"426","243",0.000624999988488853
"427","243",0.000624999999500811
"428","14",0.000625000011431053
"429","243",0.000624999997723848
"430","243",0.000625000002734363
"431","243",0.000625000004209578
"432","243",0.00187500000360608
"433","243",0.000624999998738989
"434","218",0.000624999993991107
"435","243",0.000624999996453524
"436","243",0.00124999999411777
"437","218",0.0100000028977301
"438","243",0.000625000004915521
"439","243",0.000625000007176772
"440","243",0.00250000053403154
"441","218",0.000625000004703179
"442","172",0.0356250061662979
"443","218",0.00312500000436604
"444","218",0.0037499988956023
"445","243",0.00750000067954697
"446","218",0.00500000015216321
"447","243",0.00374999999590591
"448","243",0.0037499998746179
"449","243",0.00250000080719776
"450","14",0.000625000001475215
"451","243",0.000624999998576939
"452","243",0.0012500000010021
"453","218",0.00124999998794496
"454","218",0.00125000000468642
"455","243",0.00125000000463799
"456","243",0.000624999990588054
"457","243",0.00062500000124611
"458","243",0.000625000007439405
"459","218",0.00187500012996234
"460","14",0.00125000000081025
"461","243",0.00062499999842979
"462","218",0.000624999993311241
"463","218",0.000625000005139038
"464","243",0.000625000003121793
"465","243",0.000625000001145527
"466","243",0.00124999999655411
"467","218",0.0268749991912451
"468","218",0.00249999958985113
"469","243",0.00125000000165962
"470","243",0.00124999999264628
"471","218",0.000624999999621883
"472","218",0.000624999989226461
"473","243",0.000625000009009615
"474","243",0.000624999998854473
"475","243",0.0012499999950882
"476","14",0.000624999990096316
"477","243",0.00312500002537481
"478","243",0.00437499997390248
"479","14",0.000625000010656193
"480","243",0.000624999994052574
"481","243",0.000625000005625188
"482","243",0.000624999999811873
"483","243",0.0243749886895698
"484","172",0.000625000002557412
"485","218",0.00249999946996756
"486","218",0.00124999999340624
"487","218",0.000625000003186986
"488","243",0.000624999992689118
"489","218",0.00124999999808893
"490","243",0.0012499999990128
"491","243",0.00249999919597618
"492","14",0.000624999998116866
"493","243",0.000625000003498048
"494","218",0.00062500000044331
"495","243",0.0062500003689602
"496","218",0.00062500000552088
"497","243",0.00125000001182407
"498","14",0.0018749998793453
"499","243",0.00062499999755621
"500","243",0.00124999999821559
"501","243",0.000625000000355765
"502","14",0.00062500000637956
"503","14",0.000625000003233552
"504","218",0.000625000004701316
"505","243",0.000625000000227243
"506","243",0.00124999999911711
"507","243",0.00125000000292808
"508","243",0.00062499999996461
"509","14",0.00062499999865517
"510","14",0.0168750013896935
"511","14",0.00125000000962429
"512","218",0.00749999962241575
"513","243",0.00312499934028275
"514","243",0.00124999999602139
"515","14",0.00124999999917671
"516","243",0.00249999921313487
"517","14",0.000624999998211861
"518","14",0.00062499999633804
"519","243",0.0006249999998454
"520","172",0.000625000002771616
"521","218",0.000624999997805804
"522","14",0.00187499986722507
"523","172",0.0106250002913363
"524","218",0.000625000000359491
"525","243",0.00312500027268007
"526","243",0.00187499999434501
"527","218",0.000625000000303611
"528","218",0.000625000002151355
"529","14",0.00562499448399805
"530","243",0.0018750001357533
"531","218",0.00124999998963997
"532","243",0.00562500109650381
"533","218",0.000624999994425103
"534","218",0.0225000005164705
"535","243",0.000624999995522201
"536","243",0.000625000000325963
"537","243",0.000624999998778105
"538","243",0.000624999995911494
"539","218",0.00062500000269711
"540","14",0.000624999995848164
"541","243",0.00062499999957718
"542","172",0.0068750002614297
"543","172",0.00749999892096221
"544","218",0.000625000004280359
"545","218",0.000624999998135492
"546","243",0.000624999997543171
"547","172",0.000625000001475215
"548","243",0.000625000003924593
"549","218",0.000624999998157844
"550","14",0.000625000007539988
"551","243",0.000624999997749925
"552","14",0.00125000000681356
"553","218",0.00187499985989742
"554","243",0.00187500012792088
"555","243",0.00187500027906708
"556","243",0.00562500069454871
"557","218",0.000625000002440065
"558","218",0.000624999991755933
"559","243",0.00374999985614978
"560","243",0.000625000002328306
"561","243",0.000624999991547316
"562","218",0.003125000670854
"563","14",0.00124999999730289
"564","243",0.000624999996518716
"565","218",0.00187499971718714
"566","243",0.00125000000120699
"567","243",0.000625000000538304
"568","243",0.000625000000150874
"569","218",0.000625000001426786
"570","172",0.000625000012658536
"571","243",0.00187499986586347
"572","218",0.000624999998094514
"573","243",0.00062499999242276
"574","243",0.000625000000165775
"575","243",0.00062499999333173
"576","14",0.00625000013044849
"577","243",0.0006249999971129
"578","218",0.000625000005709007
"579","243",0.00187500028486922
"580","243",0.000625000006496906
"581","243",0.00249999919087253
"582","243",0.0012499999894239
"583","243",0.00125000000245124
"584","243",0.000625000000208616
"585","172",0.000624999990349636
"586","172",0.000624999999502674
"587","218",0.000625000007553026
"588","243",0.000625000002587214
"589","243",0.000625000001102686
"590","218",0.000625000002702698
"591","243",0.00124999999960512
"592","243",0.000624999996356666
"593","218",0.000625000002089888
"594","243",0.000624999994326383
"595","14",0.000624999995730817
"596","172",0.000624999999014661
"597","243",0.000624999999236316
"598","243",0.000624999994602054
"599","243",0.000625000000137836
"600","14",0.000625000001301989
"601","172",0.000624999990625307
"602","243",0.000625000008076429
"603","218",0.000625000006562099
"604","243",0.000624999999692664
"605","14",0.000625000008173287
"606","243",0.0187500005437676
"607","243",0.0118750044206493
"608","243",0.0337500002502557
"609","218",0.0112499999878947
"610","243",0.00437500068095513
"611","243",0.00374999805257842
"612","243",0.00125000000956282
"613","243",0.00312499817935377
"614","218",0.00437500025430322
"615","243",0.00437500001274236
"616","243",0.00187500000100583
"617","172",0.00250000000006706
"618","172",0.0506250082034096
"619","172",0.035625003667159
"620","218",0.000624999993463978
"621","218",0.00125000000747666
"622","243",0.00187500027749315
"623","243",0.000625000000258908
"624","243",0.00374999987393431
"625","243",0.000625000003568828
"626","243",0.00437499962488748
"627","14",0.000625000004896894
"628","243",0.00187500012446381
"629","14",0.000625000015974045
"630","218",0.0531249984943103
"631","243",0.000624999998785555
"632","243",0.000624999997708946
"633","243",0.000625000002339482
"634","218",0.000625000004980713
"635","243",0.000625000001611188
"636","243",0.000625000001503155
"637","172",0.0012500000005383
"638","218",0.000624999997813255
"639","218",0.00062499999980256
"640","243",0.00062500000488013
"641","218",0.00187499972748384
"642","14",0.000624999998761341
"643","243",0.000624999997952953
"644","243",0.00125000000233203
"645","14",0.000624999999586493
"646","243",0.0137499979561064
"647","172",0.00124999999341369
"648","243",0.00187500027040206
"649","243",0.00125000000730157
"650","243",0.00125000000359118
"651","218",0.00062500000920333
"652","243",0.000625000001888722
"653","218",0.00062500000282377
"654","243",0.00187500027139112
"655","14",0.00187500027843006
"656","172",0.000624999999951571
"657","218",0.000625000002885237
"658","243",0.000625000006053597
"659","243",0.00062499999473244
"660","243",0.000624999995488673
"661","243",0.000624999998705462
"662","14",0.000625000001603737
"663","14",0.00062499999650754
"664","172",0.00375000080046803
"665","218",0.0012500000039041
"666","243",0.000624999998791143
"667","243",0.00125000000396743
"668","243",0.000624999997179955
"669","243",0.00187499972577766
"670","14",0.00124999999803305
"671","243",0.0231250114321094
"672","218",0.000624999999687076
"673","243",0.00312499886818416
"674","14",0.000624999998949468
"675","218",0.000625000006347895
"676","14",0.00124999999806844
"677","243",0.000625000006427988
"678","243",0.000624999991687015
"679","172",0.00312499972821772
"680","14",0.00125000000018626
"681","14",0.000625000005226582
"682","218",0.000625000002129003
"683","218",0.000625000004183501
"684","243",0.00187500000219978
"685","243",0.000624999998426065
"686","243",0.00062500000157021
"687","243",0.00125000000553951
"688","14",0.00187499999990128
"689","14",0.00249999999894947
"690","218",0.00124999999700859
"691","14",0.00124999999692291
"692","218",0.000624999992055818
"693","243",0.013750001113113
"694","14",0.000625000004252419
"695","243",0.00625000181441009
"696","14",0.00124999999898672
"697","14",0.00124999999537319
"698","243",0.00124999999366887
"699","243",0.00249999999619648
"700","218",0.000624999998850748
"701","243",0.00187500028111227
"702","218",0.000624999997917563
"703","243",0.00124999999403208
"704","243",0.000625000007994473
"705","218",0.000624999993793666
"706","243",0.00125000000836141
"707","243",0.000624999997695908
"708","243",0.000624999998582527
"709","14",0.000625000000346452
"710","14",0.00187500027782843
"711","243",0.000625000008109957
"712","218",0.000625000002423301
"713","243",0.00124999999422394
"714","14",0.00124999999894202
"715","243",0.000624999994819984
"716","243",0.000624999996505678
"717","218",0.0237500012383126
"718","243",0.000625000003391877
"719","243",0.00187500011924282
"720","218",0.000625000004777685
"721","243",0.000624999996075407
"722","218",0.00124999999583885
"723","243",0.00250000000231341
"724","243",0.000624999998945743
"725","243",0.000625000003190711
"726","243",0.00187500013299659
"727","243",0.000625000007016584
"728","243",0.000624999999061227
"729","218",0.000625000003146008
"730","243",0.000624999998569488
"731","243",0.000625000000579283
"732","243",0.00124999999813177
"733","172",0.000624999997491017
"734","14",0.000625000000102446
"735","172",0.0106249996146336
"736","14",0.00062500000724569
"737","243",0.000625000006429851
"738","243",0.000624999998047948
"739","243",0.00125000000561401
"740","218",0.000624999997153878
"741","243",0.000624999993080273
"742","243",0.00250000000658073
"743","243",0.000624999999329448
"744","243",0.00125000000122376
"745","218",0.000625000000249594
"746","243",0.000624999992210418
"747","14",0.000624999994102865
"748","243",0.000625000006375834
"749","243",0.000625000011065975
"750","172",0.000625000000044704
"751","243",0.0006250000049714
"752","172",0.00625000000993535
"753","243",0.00312500002227351
"754","218",0.0468749961462487
"755","243",0.010625000672495
"756","243",0.00624999872678891
"757","218",0.00187499972089007
"758","172",0.0850000023441855
"759","243",0.00124999998997897
"760","243",0.00187500000172108
"761","218",0.00500000000603497
"762","243",0.00250000067713112
"763","243",0.000625000003641471
"764","243",0.00249999956964515
"765","218",0.0249999975228179
"766","243",0.000625000000715256
"767","243",0.00374999999771081
"768","243",0.00124999999108538
"769","243",0.000624999999744818
"770","218",0.00187499987015501
"771","14",0.01000000080695
"772","218",0.00312500001673028
"773","243",0.000624999999340624
"774","218",0.0174999993696976
"775","243",0.00312500000001304
"776","218",0.000625000002201647
"777","243",0.000624999995505437
"778","243",0.000625000001451001
"779","172",0.00124999998787791
"780","243",0.00125000000731274
"781","243",0.00125000000754185
"782","243",0.000624999991828576
"783","243",0.000625000007372349
"784","243",0.00249999999948405
"785","14",0.00124999999760836
"786","243",0.000624999986825511
"787","243",0.000625000005347654
"788","243",0.0012499999925755
"789","243",0.000625000007966533
"790","243",0.00562499987625703
"791","243",0.000624999994449317
"792","218",0.000625000002212822
"793","218",0.000624999995658174
"794","243",0.000624999993195757
"795","243",0.00875000182342715
"796","218",0.00187500014364533
"797","243",0.0024999991918616
"798","14",0.000625000005505979
"799","218",0.00187499972631969
"800","243",0.00250000000954606
"801","14",0.0299999991713017
"802","243",0.00750000002690218
"803","218",0.0131249991982263
"804","243",0.000624999999487773
"805","218",0.000625000001622364
"806","243",0.000625000005243346
"807","243",0.000624999993104488
"808","243",0.00874999958059378
"809","243",0.000625000004563481
"810","243",0.000625000004308298
"811","243",0.00125000000157207
"812","243",0.000625000001257286
"813","243",0.00062499998909235
"814","243",0.000624999998791143
"815","14",0.00125000000393949
"816","172",0.00187499987240881
"817","218",0.00125000000476837
"818","243",0.00124999999619275
"819","218",0.000624999997476116
"820","243",0.00124999999956787
"821","243",0.000624999997703359
"822","218",0.00312500012097321
"823","14",0.00062500000423938
"824","243",0.0012499999953378
"825","243",0.000624999999940395
"826","218",0.000625000010224059
"827","218",0.00062499999765493
"828","243",0.00249999999367818
"829","243",0.00187499986803532
"830","243",0.00062499999957718
"831","243",0.00625000208849646
"832","243",0.000625000011663884
"833","218",0.000624999991886318
"834","243",0.0106250061808489
"835","243",0.00187499987680838
"836","243",0.00187499971570075
"837","218",0.000625000000806525
"838","243",0.00374999999460392
"839","14",0.000625000008253381
"840","243",0.000624999985478818
"841","243",0.00125000000505149
"842","218",0.00124999999474362
"843","218",0.000624999989179894
"844","243",0.00500000080852397
"845","243",0.000625000004641712
"846","218",0.000625000001382083
"847","243",0.000624999991759658
"848","14",0.000625000006647781
"849","243",0.000624999993832782
"850","218",0.000625000007558614
"851","243",0.000624999997520819
"852","218",0.000624999998018146
"853","243",0.000625000003449619
"854","243",0.00124999999907613
"855","243",0.000625000003663823
"856","218",0.00062500000054203
"857","218",0.000624999996259809
"858","243",0.000625000000074506
"859","243",0.00125000000524521
"860","218",0.00500000015617721
"861","243",0.00125000000264123
"862","218",0.00187500027694926
"863","243",0.00312500053331815
"864","243",0.00187499972661585
"865","243",0.000624999993981794
"866","243",0.000624999990999699
"867","243",0.0012499999996461
"868","243",0.00187500000545941
"869","172",0.00437500027122721
"870","243",0.000624999993272126
"871","243",0.000624999998003244
"872","218",0.000625000002827495
"873","243",0.000624999993039295
"874","218",0.00562500098118558
"875","243",0.00750000013079681
"876","218",0.00125000000206754
"877","218",0.00062499999557063
"878","243",0.00062499999633804
"879","243",0.00062499998835288
"880","243",0.000624999999733642
"881","172",0.000625000013260171
"882","218",0.00374999998707138
"883","243",0.000625000010197982
"884","243",0.00124999999193288
"885","243",0.00187500000384077
"886","243",0.00249999999617785
"887","243",0.00250000053043477
"888","243",0.00187500012333505
"889","243",0.00187500027574599
"890","218",0.00125000000778213
"891","243",0.00125000000451505
"892","243",0.00312499998177961
"893","218",0.000624999997034669
"894","243",0.000625000000255182
"895","172",0.00187499987273291
"896","243",0.00125000000257045
"897","243",0.000625000000920147
"898","243",0.00124999999970011
"899","172",0.000624999999554828
"900","243",0.00187499999873154
"901","243",0.000625000001145527
"902","243",0.000625000002792105
"903","243",0.000625000000825152
"904","218",0.0125000018433817
"905","14",0.00062499999849312
"906","14",0.0012500000019297
"907","243",0.000625000002836809
"908","243",0.00250000000450201
"909","243",0.000625000000018626
"910","243",0.000625000005498529
"911","243",0.00250000000464171
"912","218",0.000624999983252957
"913","218",0.000625000001670793
"914","243",0.00062499999781698
"915","243",0.000625000002449378
"916","243",0.000625000002659857
"917","243",0.0106249997481722
"918","218",0.0743750019538682
"919","243",0.00625000203926861
"920","14",0.0412500031638816
"921","243",0.00312500043679215
"922","243",0.00125000000322238
"923","243",0.0025000000099279
"924","14",0.0156250010031573
"925","243",0.00187499972819164
"926","243",0.00250000000357442
"927","218",0.00374999894399382
"928","243",0.00374999889580719
"929","218",0.00062499999618344
"930","14",0.000625000002209097
"931","243",0.00125000000640005
"932","218",0.00124999999600649
"933","218",0.00124999999958649
"934","243",0.00125000000123307
"935","243",0.0031249993488472
"936","14",0.00312500067218766
"937","172",0.00125000000697561
"938","218",0.000625000011285767
"939","14",0.000624999997394159
"940","243",0.00124999999627844
"941","218",0.00187499987403676
"942","243",0.0012499999977313
"943","218",0.00062500000378862
"944","243",0.000624999999834225
"945","243",0.000625000001072884
"946","243",0.00374999974845722
"947","243",0.000624999997295439
"948","14",0.0031250000013411
"949","243",0.00875000092315488
"950","243",0.000625000002041459
"951","243",0.00125000000175461
"952","243",0.00124999999587983
"953","243",0.012500010063557
"954","218",0.00124999999953248
"955","243",0.000625000000938773
"956","243",0.000624999992774799
"957","243",0.0012499999943953
"958","218",0.00500000081034005
"959","218",0.00125000000325032
"960","243",0.00187500027727522
"961","243",0.00125000000106171
"962","218",0.000625000007463619
"963","243",0.00437500112153403
"964","243",0.000624999998547137
"965","243",0.00124999999349751
"966","218",0.000624999999953434
"967","243",0.000624999997206032
"968","218",0.000624999994074926
"969","14",0.00124999999814853
"970","243",0.000625000006562099
"971","14",0.00312499886559509
"972","218",0.000624999994799495
"973","218",0.00124999999872223
"974","218",0.00437500128682144
"975","243",0.000624999999221414
"976","243",0.00374999819305167
"977","243",0.00625000098261051
"978","243",0.000624999998651445
"979","218",0.000624999992646277
"980","218",0.000625000004967675
"981","243",0.000625000008143485
"982","243",0.000625000003421679
"983","218",0.000624999990493059
"984","172",0.00124999999500811
"985","218",0.00625000095341727
"986","243",0.000624999994959682
"987","14",0.000625000005142763
"988","218",0.000625000008283183
"989","243",0.000625000004790723
"990","218",0.00437499920880236
"991","218",0.00124999999694899
"992","243",0.00124999999375269
"993","218",0.000624999996321276
"994","218",0.00187500000381842
"995","243",0.000624999993067235
"996","243",0.00374999969695881
"997","243",0.0025000000123065
"998","243",0.000624999994564801
"999","218",0.000625000004837289
"1000","243",0.0024999999951385
"1001","243",0.000625000002002344
"1002","218",0.000624999994741753
"1003","14",0.00250000000608712
"1004","172",0.000624999995451421
"1005","218",0.00812500082009286
"1006","243",0.000625000005498529
"1007","243",0.00062500000516884
"1008","243",0.000624999987237155
"1009","243",0.000624999987918884
"1010","14",0.00374999999908358
"1011","243",0.0012500000086166
"1012","243",0.000625000002652407
"1013","218",0.00124999999695085
"1014","218",0.00249999956141785
"1015","243",0.0012500000002142
"1016","243",0.00187499972743914
"1017","243",0.000624999998947606
"1018","243",0.000625000001184642
"1019","172",0.00062500000337325
"1020","243",0.000625000000860542
"1021","243",0.000624999997634441
"1022","218",0.000624999999297783
"1023","243",0.000625000009687617
"1024","172",0.000624999999104068
"1025","14",0.000625000004598871
"1026","14",0.00687499916447699
"1027","243",0.00499999898753315
"1028","243",0.0018749998643361
"1029","243",0.000625000003127381
"1030","218",0.00187500000286102
"1031","243",0.000624999993376434
"1032","218",0.000625000003071502
"1033","243",0.00749999932639487
"1034","218",0.000624999992029741
"1035","243",0.000625000007132068
"1036","218",0.00312499989375845
"1037","243",0.000625000001447275
"1038","243",0.000625000002156943
"1039","243",0.000624999994471669
"1040","218",0.00125000000436045
"1041","243",0.000625000008681789
"1042","243",0.000625000000705942
"1043","172",0.00124999999244511
"1044","243",0.000625000001946464
"1045","172",0.0425000006388742
"1046","218",0.000625000013975427
"1047","243",0.000624999993428588
"1048","243",0.0018750002713576
"1049","218",0.000625000001475215
"1050","243",0.000625000001305714
"1051","243",0.000625000006515533
"1052","218",0.000625000000976026
"1053","243",0.000624999998828396
"1054","243",0.000625000000067055
"1055","218",0.000624999998917803
"1056","243",0.000624999998450279
"1057","243",0.000624999998189509
"1058","243",0.00124999999981374
"1059","218",0.00374999999616295
"1060","243",0.000624999999130145
"1061","218",0.000624999995501712
"1062","218",0.00125000000906922
"1063","218",0.000624999997986481
"1064","218",0.000625000000789761
"1065","243",0.000624999996393919
"1066","243",0.000625000003308058
"1067","243",0.000625000001505017
"1068","243",0.00374999999539927
"1069","243",0.00187500012796372
"1070","243",0.000624999995328486
"1071","218",0.000624999997353181
"1072","243",0.000625000006565824
"1073","243",0.00125000000110269
"1074","218",0.000624999999919906
"1075","243",0.00437499985722266
"1076","243",0.00125000000777468
"1077","243",0.0112500006719939
"1078","14",0.00125000000261143
"1079","172",0.00312499971636944
"1080","243",0.00125000000155717
"1081","243",0.00312500013214163
"1082","218",0.000624999999053776
"1083","243",0.000624999994777143
"1084","218",0.00124999999452941
"1085","243",0.000625000002440065
"1086","243",0.000625000006066635
"1087","243",0.000625000000474975
"1088","218",0.000624999999651685
"1089","243",0.0237499965894818
"1090","243",0.000624999990014359
"1091","243",0.000625000007070601
"1092","218",0.000624999996257946
"1093","218",0.000625000002833083
"1094","243",0.000624999999871477
"1095","218",0.000625000013016164
"1096","243",0.000625000001087785
"1097","243",0.000625000001849607
"1098","243",0.000625000004589558
"1099","243",0.000624999998202547
"1100","243",0.00125000000007823
"1101","218",0.00874999899021536
"1102","243",0.00124999999339879
"1103","243",0.00062500000083819
"1104","243",0.000625000000627711
"1105","243",0.00124999999704584
"1106","243",0.000624999997358769
"1107","243",0.00312499947622046
"1108","243",0.000624999999940395
"1109","243",0.000625000006180257
"1110","243",0.00187499999456853
"1111","218",0.00749999716630206
"1112","243",0.000624999994065613
"1113","243",0.00250000000994652
"1114","14",0.000625
"1115","243",0.000624999999199063
"1116","243",0.00062500000356324
"1117","243",0.00187499986701086
"1118","14",0.00124999999701045
"1119","243",0.000625000016644597
"1120","243",0.00187499987436831
"1121","243",0.0018750001275707
"1122","243",0.00124999999693409
"1123","218",0.000625000002421439
"1124","243",0.0012499999951832
"1125","243",0.000625000000586733
"1126","218",0.0193749985404611
"1127","172",0.103124995142525
"1128","172",0.000625000005461276
"1129","243",0.000624999995179474
"1130","14",0.00250000081293844
"1131","243",0.00124999999776669
"1132","218",0.000624999992629513
"1133","243",0.000625000000279397
"1134","243",0.00249999999123253
"1135","218",0.00187500027432293
"1136","243",0.00062500000423938
"1137","243",0.00937500025662966
"1138","243",0.000625000009177253
"1139","218",0.000624999999504536
"1140","243",0.00125000000733323
"1141","243",0.000624999999132007
"1142","243",0.000624999992899597
"1143","218",0.00249999999491684
"1144","218",0.00375000002406724
"1145","243",0.000624999994188547
"1146","243",0.000625000002847984
"1147","218",0.00562500000558794
"1148","243",0.000625000001776963
"1149","218",0.000625000003801659
"1150","243",0.000625000007446855
"1151","243",0.000625000000083819
"1152","243",0.000624999996835366
"1153","218",0.00062499999769032
"1154","243",0.00062500000282377
"1155","243",0.000624999999444932
"1156","218",0.00437500362879783
"1157","243",0.000625000011563301
"1158","243",0.00812499804669805
"1159","243",0.000625000005608425
"1160","243",0.000624999999308959
"1161","218",0.000625000003097579
"1162","243",0.000625000007163733
"1163","243",0.00124999999906309
"1164","218",0.000624999996023253
"1165","243",0.000625000010509044
"1166","243",0.000625000012990087
"1167","243",0.0018749997277651
"1168","243",0.000624999997917563
"1169","243",0.000625000005587935
"1170","243",0.000625000005910173
"1171","243",0.00812499916177988
"1172","243",0.00062500000651367
"1173","172",0.000625000009357929
"1174","218",0.000624999998316169
"1175","218",0.000625000008126721
"1176","243",0.000625000005939975
"1177","218",0.00125000000560284
"1178","243",0.000625000002717599
"1179","243",0.000625000001884997
"1180","243",0.00062500000002794
"1181","14",0.00249999918901175
"1182","218",0.00312499999028631
"1183","172",0.000624999998705462
"1184","243",0.000625000001791865
"1185","243",0.000625000004751608
"1186","243",0.000625000012343749
"1187","243",0.000625000002190471
"1188","243",0.00375000012383796
"1189","243",0.000625000006666407
"1190","218",0.000625000008542091
"1191","243",0.000624999997766688
"1192","243",0.000625000003907829
"1193","172",0.00750000001037121
"1194","218",0.0243750011956971
"1195","243",0.00875000079809315
"1196","218",0.00687499932622723
"1197","243",0.00312500065838918
"1198","218",0.00437499970001169
"1199","218",0.00124999999376759
"1200","243",0.00124999999867007
"1201","243",0.00125000000188127
"1202","218",0.00187500027742609
"1203","218",0.00625000028051622
"1204","243",0.00187500000023656
"1205","243",0.0025000008037705
"1206","243",0.000624999996010214
"1207","243",0.000625000008640811
"1208","218",0.0137500000105407
"1209","243",0.000625000005761161
"1210","243",0.000625000004893169
"1211","218",0.00062500000159815
"1212","218",0.000624999993216246
"1213","243",0.000624999998355284
"1214","218",0.00312500043091737
"1215","243",0.000624999984774739
"1216","243",0.000624999997191131
"1217","243",0.00124999999158084
"1218","218",0.00562499933043495
"1219","218",0.00125000000793114
"1220","243",0.000624999997453764
"1221","243",0.00187499972118437
"1222","218",0.00124999999224581
"1223","218",0.000624999999077991
"1224","243",0.000625000001151115
"1225","243",0.000625000000614673
"1226","243",0.00125000000394322
"1227","243",0.000625000004941598
"1228","243",0.00187500013192184
"1229","243",0.00125000000653788
"1230","243",0.00499999958484992
"1231","218",0.0012499999993518
"1232","218",0.000625000000054017
"1233","243",0.00124999999178015
"1234","218",0.00124999999868125
"1235","243",0.00624999968975224
"1236","243",0.000624999996101484
"1237","243",0.00062499998559989
"1238","243",0.00312499999008514
"1239","243",0.00124999999897182
"1240","243",0.00250000000284426
"1241","243",0.00249999999633618
"1242","243",0.0018750000001844
"1243","243",0.000624999999046326
"1244","243",0.000625000001240522
"1245","243",0.00125000000272505
"1246","243",0.00187500027186982
"1247","218",0.000624999997131526
"1248","243",0.00062500000346452
"1249","243",0.00125000000025705
"1250","243",0.00125000000001863
"1251","243",0.00562500039004348
"1252","218",0.00312499972952716
"1253","218",0.00874999862586148
"1254","172",0.0018749997337833
"1255","243",0.00312500052647479
"1256","218",0.00250000068879873
"1257","243",0.000625000002222136
"1258","218",0.00125000000309199
"1259","243",0.00124999999490194
"1260","243",0.000624999999951571
"1261","218",0.00187500027341582
"1262","243",0.000624999999616295
"1263","218",0.000625000003218651
"1264","243",0.00124999999846518
"1265","243",0.000625000000806525
"1266","218",0.000625000010928139
"1267","243",0.0012500000045225
"1268","218",0.000625000002354384
"1269","243",0.000625000002650544
"1270","243",0.00187499988351762
"1271","14",0.00312499946631677
"1272","243",0.000625000001382083
"1273","243",0.00187500014195219
"1274","243",0.000625000001637265
"1275","243",0.00375000180932879
"1276","218",0.00124999999524653
"1277","172",0.00125000000511855
"1278","243",0.00124999999575131
"1279","218",0.000624999997237697
"1280","243",0.000624999996542931
"1281","243",0.00062499999752827
"1282","243",0.000625000006783754
"1283","243",0.000624999994808808
"1284","172",0.000625000010261312
"1285","218",0.00062500000086613
"1286","243",0.00125000000406057
"1287","243",0.000625000000970438
"1288","218",0.00312500182333216
"1289","172",0.000624999994905666
"1290","218",0.0012500000006184
"1291","218",0.000625000000052154
"1292","243",0.000624999996384606
"1293","243",0.000625000005785376
"1294","243",0.000625000001901761
"1295","243",0.00125000000890158
"1296","243",0.0187500025391169
"1297","243",0.00312500027430244
"1298","243",0.00187500012561865
"1299","243",0.00187500011680275
"1300","243",0.00312500128834136
"1301","218",0.001250000007594
"1302","243",0.000624999999284744
"1303","243",0.00125000000018999
"1304","243",0.000624999998888001
"1305","243",0.000624999995391816
"1306","243",0.000625000010222197
"1307","243",0.00125000000164099
"1308","243",0.00250000000087544
"1309","218",0.000625000002721325
"1310","243",0.000625000006953254
"1311","243",0.000625000004626811
"1312","77",0.00187499972514436
"1313","243",0.000625000002052635
"1314","243",0.000624999992704019
"1315","243",0.000624999997489154
"1316","243",0.00250000000882335
"1317","172",0.000625000001378357
"1318","243",0.000624999999102205
"1319","243",0.000625000004796311
"1320","243",0.000625000003121793
"1321","77",0.00249999999875948
"1322","243",0.00187500000493973
"1323","218",0.00249999998901039
"1324","243",0.00125000000286102
"1325","243",0.0006249999955073
"1326","172",0.0025000004297886
"1327","243",0.00125000000245497
"1328","172",0.00437500012562424
"1329","243",0.00125000000138395
"1330","243",0.00062500000026077
"1331","172",0.00124999999877065
"1332","243",0.000624999997768551
"1333","218",0.0025000007960666
"1334","218",0.000624999996889383
"1335","172",0.000624999996149912
"1336","243",0.000625000001873821
"1337","243",0.000624999994620681
"1338","243",0.000625000002140179
"1339","243",0.000624999989738688
"1340","243",0.00125000000459701
"1341","243",0.000624999989308417
"1342","172",0.00125000000099838
"1343","243",0.000625000001378357
"1344","218",0.000625000008739531
"1345","218",0.0018749997289069
"1346","243",0.00125000000124052
"1347","243",0.00125000000210106
"1348","243",0.00187500012668222
"1349","218",0.000624999994764105
"1350","218",0.000625000002868473
"1351","218",0.000625000008093193
"1352","172",0.00312499872180261
"1353","243",0.00125000000469387
"1354","243",0.000624999989975244
"1355","243",0.000624999995490536
"1356","243",0.00187500028001517
"1357","243",0.000624999999390915
"1358","218",0.000625000004401431
"1359","243",0.000624999992571771
"1360","218",0.000625000006582588
"1361","172",0.0037500000087712
"1362","243",0.00124999999901466
"1363","243",0.000625000004962087
"1364","218",0.0081249985058438
"1365","243",0.000624999993385747
"1366","218",0.00125000000050291
"1367","243",0.00250000079764612
"1368","218",0.000625000003207475
"1369","243",0.00624999904018268
"1370","243",0.00187500012737513
"1371","243",0.00124999999286234
"1372","218",0.000624999999528751
"1373","243",0.000624999999856576
"1374","243",0.00124999999609962
"1375","243",0.000625000001698732
"1376","172",0.000624999991482124
"1377","243",0.00187500012974627
"1378","243",0.000625000001331791
"1379","218",0.00250000000167638
"1380","243",0.000624999996088445
"1381","243",0.00187500000007637
"1382","243",0.000625000002454966
"1383","243",0.000625000013522804
"1384","243",0.000625000001883134
"1385","243",0.000625000001853332
"1386","218",0.000624999994710088
"1387","218",0.000625000008193776
"1388","243",0.00125000001154281
"1389","172",0.000625000002466142
"1390","172",0.00125000000584312
"1391","243",0.000624999989215285
"1392","172",0.000624999998310581
"1393","243",0.000625000000005588
"1394","243",0.000625000004222617
"1395","243",0.00375000030233152
"1396","243",0.00375000000976957
"1397","243",0.00187499972295947
"1398","243",0.00437499972766824
"1399","243",0.00312499997826666
"1400","243",0.00124999999693036
"1401","243",0.000624999999044463
"1402","243",0.00124999999097735
"1403","243",0.000625000002987683
"1404","243",0.00125000000200048
"1405","243",0.00249999997183122
"1406","218",0.00124999999406375
"1407","172",0.000624999998375773
"1408","243",0.00125000000136718
"1409","218",0.00125000000627711
"1410","243",0.0006250000011269
"1411","243",0.00562499819462188
"1412","243",0.000624999989489093
"1413","243",0.00250000000183471
"1414","243",0.000624999999403954
"1415","218",0.000625000001167879
"1416","218",0.00062500000666827
"1417","172",0.000624999988095835
"1418","218",0.000624999990820885
"1419","243",0.000625000000368804
"1420","243",0.00375000362828746
"1421","243",0.00124999999339879
"1422","243",0.0056249997297097
"1423","243",0.001250000001112
"1424","243",0.000624999996431172
"1425","14",0.000625000005448237
"1426","218",0.000625000004405156
"1427","243",0.00125000000024028
"1428","243",0.000624999998075888
"1429","218",0.000624999998519197
"1430","172",0.0012500000051856
"1431","243",0.00187499971862137
"1432","243",0.000624999999923632
"1433","243",0.000624999997904524
"1434","243",0.00187500012959354
"1435","243",0.000625000005582348
"1436","172",0.00124999999640882
"1437","243",0.00249999958159216
"1438","243",0.000625000007521361
"1439","243",0.00625000081375428
"1440","243",0.00312499972363748
"1441","243",0.00312500052917935
"1442","172",0.000624999991657212
"1443","243",0.00249999998477846
"1444","243",0.000624999999893829
"1445","243",0.000624999998161569
"1446","243",0.00187500012538955
"1447","243",0.00312499997461028
"1448","172",0.000625000002568588
"1449","172",0.00187499987626076
"1450","243",0.000625000000864267
"1451","243",0.000624999999258667
"1452","243",0.00062499999992922
"1453","243",0.000625000000912696
"1454","243",0.00125000001207739
"1455","243",0.000625000002151355
"1456","243",0.000624999997882173
"1457","243",0.000625000001573935
"1458","218",0.0024999999978058
"1459","243",0.00250000068870559
"1460","218",0.00124999999524467
"1461","14",0.000624999997224659
"1462","172",0.000624999995591119
"1463","243",0.00124999999722466
"1464","243",0.000625000000687316
"1465","243",0.000625000001547858
"1466","243",0.000625000000694767
"1467","243",0.00624999964439124
"1468","218",0.00125000000439025
"1469","243",0.00125000000387244
"1470","243",0.000624999990269542
"1471","243",0.000624999992735684
"1472","172",0.00437499974541366
"1473","243",0.00312500068061054
"1474","14",0.000625000011352822
"1475","172",0.00187500000703335
"1476","14",0.000624999999744818
"1477","243",0.000625000003458932
"1478","243",0.00312499819164723
"1479","172",0.00062499999425374
"1480","218",0.000625000006247312
"1481","243",0.000624999995367601
"1482","172",0.000624999986575916
"1483","243",0.00125000000444055
"1484","243",0.00187500012605079
"1485","243",0.0018750001378376
"1486","14",0.0112500003620517
"1487","243",0.00062499999884516
"1488","243",0.00562500068997592
"1489","218",0.0368749971596692
"1490","243",0.00250000000532716
"1491","218",0.00562500054902956
"1492","218",0.00187499999952316
"1493","218",0.00437499960733764
"1494","14",0.00124999999760464
"1495","14",0.00125000000238791
"1496","243",0.00250000041874126
"1497","243",0.00125000000558607
"1498","243",0.000625000001057982
"1499","243",0.00125000000135601
"1500","243",0.00124999999897927
"1501","243",0.00187500027482398
"1502","243",0.00437500012494251
"1503","14",0.000624999996101484
"1504","172",0.000624999995619059
"1505","243",0.000625000005280599
"1506","243",0.000625000002339482
"1507","172",0.000624999999571592
"1508","243",0.00375000052695163
"1509","243",0.00187499972772039
"1510","172",0.00062500000259839
"1511","243",0.000625000001085922
"1512","14",0.00125000000477582
"1513","14",0.00374999931933358
"1514","243",0.000625000002028421
"1515","243",0.00499999999438413
"1516","14",0.000624999997261912
"1517","172",0.00625000068935007
"1518","172",0.00374999999389611
"1519","243",0.000624999991882592
"1520","243",0.00374999949246831
"1521","243",0.000625000007370487
"1522","243",0.000625000011347234
"1523","218",0.00187499971246347
"1524","243",0.00062500000551343
"1525","172",0.000624999997792766
"1526","218",0.000624999994372949
"1527","243",0.000624999998545274
"1528","172",0.000625000001611188
"1529","243",0.0024999993214272
"1530","14",0.000624999988881871
"1531","243",0.001874999861788
"1532","243",0.000625000000236556
"1533","14",0.000625000002063811
"1534","218",0.00187499971885048
"1535","243",0.000624999995848164
"1536","218",0.000624999999867752
"1537","243",0.000624999995689839
"1538","243",0.0062500006851498
"1539","218",0.00312500002553314
"1540","218",0.000625000002650544
"1541","243",0.000624999999653548
"1542","14",0.000624999996192753
"1543","243",0.000625000002777204
"1544","14",0.000625000002307817
"1545","243",0.000625000003676862
"1546","14",0.00124999999494292
"1547","243",0.00250000000204146
"1548","243",0.000625000001870096
"1549","243",0.00249999969098903
"1550","172",0.00062499999540858
"1551","218",0.00375000000130385
"1552","172",0.00125000000530668
"1553","218",0.000624999995728955
"1554","243",0.000624999994978309
"1555","14",0.00624999963431805
"1556","218",0.00187499971783161
"1557","243",0.00187500012641214
"1558","243",0.00187500012738816
"1559","172",0.00125000000081956
"1560","243",0.00187500000699982
"1561","218",0.00125000000179932
"1562","243",0.000625000003961846
"1563","14",0.000624999997168779
"1564","14",0.00062500000557676
"1565","243",0.000625000000435859
"1566","172",0.00500000038171373
"1567","172",0.000625000008843839
"1568","243",0.00124999999954551
"1569","243",0.00125000000108033
"1570","218",0.00124999999517761
"1571","218",0.001250000011608
"1572","243",0.000625000005325302
"1573","243",0.000624999997664243
"1574","218",0.00124999999368936
"1575","218",0.00124999999853782
"1576","218",0.0006250000057742
"1577","172",0.000624999991899356
"1578","243",0.000625000003589317
"1579","14",0.00187500000236928
"1580","172",0.000624999988647178
"1581","243",0.000624999997867271
"1582","243",0.000625000000381842
"1583","218",0.000625000000463799
"1584","172",0.00312499974612147
"1585","172",0.0031249998619929
"1586","243",0.00562499999478646
"1587","243",0.00687499969521724
"1588","243",0.00500000052682497
"1589","218",0.00312500067599863
"1590","14",0.123125004206436
"1591","14",0.00062500000391528
"1592","172",0.00125000000218861
"1593","243",0.000624999998724088
"1594","243",0.000624999995583668
"1595","243",0.000624999998416752
"1596","243",0.000625000007763505
"1597","172",0.00124999999743327
"1598","172",0.0193750001327023
"1599","243",0.000625000004265457
"1600","14",0.00062499999445118
"1601","243",0.000625000007111579
"1602","243",0.00499999962970987
"1603","243",0.000624999998917803
"1604","14",0.000625000005772337
"1605","243",0.00187499986886792
"1606","243",0.000624999997342005
"1607","218",0.000624999991834164
"1608","218",0.00124999999264628
"1609","14",0.00249999999533221
"1610","218",0.00125000000099465
"1611","243",0.00124999999969266
"1612","243",0.000624999995965511
"1613","218",0.000625000002037734
"1614","14",0.00187499987211078
"1615","243",0.000624999999558553
"1616","218",0.00125000000909716
"1617","243",0.000625000004123896
"1618","218",0.00249999946765602
"1619","243",0.00125000001063384
"1620","172",0.00375000000203401
"1621","14",0.000625000000845641
"1622","243",0.00124999999514222
"1623","172",0.00249999999828264
"1624","172",0.000625000000463799
"1625","243",0.00062499999723956
"1626","218",0.004375002244398
"1627","243",0.00375000053021871
"1628","243",0.00062500000089407
"1629","218",0.000625000005044043
"1630","14",0.00250000041734055
"1631","14",0.000625000010225922
"1632","243",0.00124999999637902
"1633","218",0.00124999999084696
"1634","172",0.000625000000393018
"1635","14",0.000625000002926215
"1636","172",0.000624999994168058
"1637","243",0.000624999996637926
"1638","243",0.000625000004546717
"1639","243",0.000624999997297302
"1640","14",0.00125000000711158
"1641","218",0.000625000000914559
"1642","243",0.0012499999986738
"1643","218",0.00125000000287592
"1644","243",0.000625000001261011
"1645","243",0.00312499988071248
"1646","172",0.000624999995227903
"1647","172",0.00187499972232059
"1648","243",0.00187499999494106
"1649","243",0.00124999999329261
"1650","218",0.000624999993160367
"1651","243",0.000625000001177192
"1652","243",0.00187500026361644
"1653","218",0.000624999991111457
"1654","243",0.000625000002548099
"1655","172",0.00187499988261424
"1656","243",0.000624999998491257
"1657","243",0.00062499999524653
"1658","243",0.000625000002151355
"1659","14",0.000624999993737787
"1660","14",0.0012499999984391
"1661","218",0.000625000000311062
"1662","243",0.00187499973415397
"1663","218",0.000625000000130385
"1664","243",0.000625000000555068
"1665","218",0.000625000006768852
"1666","243",0.000625000001296401
"1667","243",0.000625000004934147
"1668","243",0.0224999984638337
"1669","243",0.000624999993763864
"1670","243",0.0806250020900574
"1671","172",0.0231250070375353
"1672","218",0.0100000030733477
"1673","243",0.0062500017632097
"1674","243",0.00687500040147081
"1675","14",0.00624999918602407
"1676","243",0.00187499987009354
"1677","218",0.00125000000568852
"1678","218",0.00187500027140416
"1679","243",0.000625000003980473
"1680","243",0.000625000002168119
"1681","218",0.000624999999813735
"1682","243",0.00500000181608647
"1683","218",0.00187500013089739
"1684","218",0.000625000000966713
"1685","243",0.00125000000351295
"1686","243",0.000625000006908551
"1687","218",0.00812500042622723
"1688","243",0.00249999958157539
"1689","14",0.0037499990102984
"1690","218",0.00125000000195391
"1691","14",0.00687500080056116
"1692","243",0.00874999805140495
"1693","243",0.000624999996017665
"1694","14",0.000624999998245388
"1695","243",0.000624999997381121
"1696","243",0.000625000007951632
"1697","243",0.00250000001247972
"1698","218",0.000624999994598329
"1699","243",0.000625000002074987
"1700","243",0.00125000000886247
"1701","14",0.00124999999006838
"1702","14",0.000624999993361533
"1703","14",0.00124999999800883
"1704","218",0.000625000006033108
"1705","218",0.0006249999951832
"1706","243",0.00124999999244139
"1707","172",0.00187500012297742
"1708","243",0.000625000003607944
"1709","14",0.000624999991444871
"1710","218",0.00125000000286847
"1711","172",0.00125000000765547
"1712","243",0.000625000001607463
"1713","243",0.00187499972489849
"1714","218",0.000624999999525025
"1715","243",0.00062500000628829
"1716","218",0.000625000007698312
"1717","14",0.00062499999968335
"1718","218",0.000625000001432374
"1719","172",0.000625000009443611
"1720","243",0.00250000002848357
"1721","243",0.00124999999330565
"1722","243",0.00437500000989251
"1723","14",0.00125000000528991
"1724","218",0.000624999996492639
"1725","218",0.000625000002296642
"1726","243",0.00124999999379367
"1727","218",0.00812500036560744
"1728","14",0.00625000014060177
"1729","218",0.00999999985832907
"1730","243",0.000625000003099442
"1731","243",0.000624999999564141
"1732","243",0.00062500000406988
"1733","218",0.00250000000260025
"1734","243",0.000625000002827495
"1735","218",0.00749999819728732
"1736","14",0.000624999994123355
"1737","243",0.0074999999799598
"1738","243",0.000624999996028841
"1739","14",0.00187500028859451
"1740","243",0.00062500000089407
"1741","243",0.000625000007143244
"1742","243",0.00312499972687289
"1743","243",0.000625000002618879
"1744","218",0.00062500000204891
"1745","218",0.00062500000419654
"1746","243",0.000625000000983477
"1747","14",0.0012499999995809
"1748","14",0.00999999946302548
"1749","14",0.000624999997600913
"1750","218",0.000624999995194375
"1751","14",0.000624999994944781
"1752","243",0.000624999999543652
"1753","243",0.000625000002305955
"1754","243",0.000625000000895932
"1755","243",0.022500002331309
"1756","243",0.00375000135927089
"1757","218",0.00562500028638169
"1758","218",0.00187499999710172
"1759","243",0.00749999972216412
"1760","243",0.00437499961164221
"1761","243",0.00187499972915649
"1762","218",0.00250000030501001
"1763","14",0.00749999999515712
"1764","243",0.00124999999461696
"1765","14",0.000625000004878268
"1766","14",0.00062499999990128
"1767","243",0.00124999999243766
"1768","218",0.000624999997392297
"1769","243",0.00062499999835901
"1770","218",0.00500000013395771
"1771","172",0.000625000005178153
"1772","218",0.00499999999332987
"1773","243",0.000625
"1774","14",0.000625000002866611
"1775","243",0.000624999996170402
"1776","243",0.00124999999605119
"1777","243",0.00062500000747107
"1778","218",0.000624999999158084
"1779","243",0.00125000000280142
"1780","172",0.0250000088965669
"1781","243",0.00687499999738298
"1782","243",0.000625000001983717
"1783","14",0.000624999996421859
"1784","218",0.00187500012013689
"1785","243",0.00249999970286526
"1786","243",0.000625000000467524
"1787","172",0.00124999999561906
"1788","243",0.0012500000082925
"1789","243",0.000624999998496845
"1790","218",0.000625000000722706
"1791","218",0.000624999992640689
"1792","243",0.000624999995315447
"1793","243",0.00249999998621643
"1794","243",0.00125000000479445
"1795","218",0.000625000002531335
"1796","243",0.00249999969474785
"1797","243",0.0018750001356639
"1798","172",0.000624999998733401
"1799","243",0.000624999990884215
"1800","243",0.000624999994238838
"1801","243",0.000624999999903142
"1802","218",0.000625000001886859
"1803","243",0.00125000000310317
"1804","243",0.00124999999395013
"1805","172",0.00375000000391901
"1806","243",0.000625000016804785
"1807","172",0.00125000000010803
"1808","14",0.000625000000145286
"1809","243",0.000624999995743856
"1810","14",0.00250000082360208
"1811","14",0.000624999998003244
"1812","243",0.000625000003948808
"1813","243",0.000625000005176291
"1814","218",0.000624999999763444
"1815","243",0.000624999990006909
"1816","243",0.00125000000345707
"1817","218",0.000624999993925914
"1818","14",0.000625000004397705
"1819","14",0.0862499989628065
"1820","243",0.00062500000400655
"1821","243",0.000624999996958301
"1822","243",0.0018750001253821
"1823","243",0.00124999999764562
"1824","218",0.0768749941812307
"1825","14",0.00124999999954551
"1826","243",0.000625000001510605
"1827","243",0.00375000209833309
"1828","14",0.000625000000532716
"1829","218",0.0012499999958016
"1830","243",0.000624999998496845
"1831","243",0.00187499999883771
"1832","243",0.00062499999662675
"1833","243",0.000624999992808327
"1834","172",0.00125000000560656
"1835","14",0.00624999918814562
"1836","243",0.000624999998562038
"1837","243",0.00125000000258163
"1838","218",0.000625000000499189
"1839","14",0.00124999999914877
"1840","243",0.000625000008827075
"1841","243",0.00124999999976531
"1842","14",0.00124999999575317
"1843","243",0.000625000000357628
"1844","218",0.000624999999817461
"1845","172",0.000625000007085502
"1846","243",0.000625000000372529
"1847","14",0.00062499999264814
"1848","243",0.00125000000237674
"1849","243",0.000624999994713813
"1850","172",0.00125000000246242
"1851","172",0.000624999991618097
"1852","243",0.00062499999968335
"1853","218",0.000625000005656853
"1854","14",0.000624999997202307
"1855","14",0.00312499985654652
"1856","243",0.00249999918672815
"1857","218",0.0012500000035502
"1858","243",0.00249999969498254
"1859","172",0.000625000005822629
"1860","14",0.000625000007031485
"1861","14",0.000624999998578802
"1862","172",0.000624999999755993
"1863","218",0.000625000000311062
"1864","243",0.000625000006284565
"1865","218",0.00187500011465326
"1866","14",0.0193750004190933
"1867","172",0.913125033300197
"1868","218",0.0018749997223597
"1869","172",0.00124999999564886
"1870","243",0.0131250009285808
"1871","243",0.0012500000030119
"1872","243",0.000625000004585832
"1873","243",0.00187500000448525
"1874","243",0.000624999996937811
"1875","243",0.000625000001104549
"1876","218",0.00124999999003112
"1877","14",0.0025000000048317
"1878","14",0.00187500012357719
"1879","243",0.000624999999616295
"1880","172",0.00125000000560284
"1881","243",0.000624999992506579
"1882","218",0.00125000000414625
"1883","218",0.00437499974781275
"1884","14",0.00124999999907985
"1885","243",0.0024999999947194
"1886","172",0.00124999999624304
"1887","243",0.0024999997011926
"1888","243",0.000625000002117828
"1889","172",0.000624999996520579
"1890","243",0.00125000000127591
"1891","243",0.00125000000307709
"1892","243",0.000625000001348555
"1893","172",0.000624999995213002
"1894","243",0.00124999999605492
"1895","14",0.000625000002885237
"1896","218",0.00874999999433383
"1897","243",0.00874999945949763
"1898","172",0.00187500000241399
"1899","172",0.000625000000836328
"1900","172",0.00187499971519969
"1901","14",0.000624999999975786
"1902","243",0.000625000000404194
"1903","243",0.000625000003008172
"1904","243",0.00312500029553846
"1905","218",0.000625000005781651
"1906","172",0.00375000067115575
"1907","14",0.000624999994069338
"1908","172",0.178750019787779
"1909","172",0.000624999999381602
"1910","243",0.000625000000663102
"1911","14",0.000625000000311062
"1912","14",0.000625000005917624
"1913","243",0.0018750002709683
"1914","243",0.000624999996576458
"1915","218",0.000625000000568107
"1916","243",0.000624999996770173
"1917","14",0.00125000000965036
"1918","172",0.000625000001201406
"1919","243",0.00187499999348819
"1920","243",0.000625000002637506
"1921","172",0.000625000001693144
"1922","218",0.00250000000499934
"1923","243",0.00124999999763817
"1924","243",0.000625000000016764
"1925","243",0.00562500041099824
"1926","218",0.000624999995112419
"1927","243",0.00062500000526011
"1928","243",0.00312500182903185
"1929","218",0.000624999995255843
"1930","243",0.00062499999153614
"1931","218",0.00125000000504591
"1932","243",0.00125000000560284
"1933","243",0.00624999986667931
"1934","14",0.000624999997163191
"1935","243",0.00062499999073334
"1936","243",0.000624999995058402
"1937","243",0.00312499960283004
"1938","243",0.0012500000050962
"1939","243",0.00125000000150502
"1940","243",0.000625000000944361
"1941","243",0.000625000011201948
"1942","218",0.000625000001464039
"1943","14",0.00124999998928607
"1944","172",0.000624999997010455
"1945","243",0.000625000002954155
"1946","218",0.00374999971702136
"1947","218",0.00125000000043213
"1948","243",0.000624999999826774
"1949","14",0.000625000004921108
"1950","243",0.00062499999974668
"1951","14",0.000624999994743615
"1952","243",0.00124999999561906
"1953","77",0.00124999999851361
"1954","14",0.000625000000834465
"1955","243",0.000624999989528209
"1956","218",0.00125000000495464
"1957","243",0.00125000000471249
"1958","14",0.000625000002462417
"1959","14",0.000625000008827075
"1960","218",0.0275000008277409
"1961","243",0.00624999999645352
"1962","172",0.0225000018333253
"1963","218",0.00187499972977303
"1964","243",0.00124999999320507
"1965","14",0.0031250018267408
"1966","243",0.0031249998437874
"1967","218",0.00125000000295043
"1968","172",0.000625000004252419
"1969","14",0.00062500000876002
"1970","218",0.000624999995555729
"1971","243",0.000625000001251698
"1972","218",0.00874999963211268
"1973","243",0.000624999999372289
"1974","172",0.000625000000376254
"1975","243",0.000624999998250976
"1976","243",0.000625000004755333
"1977","14",0.000624999993054196
"1978","243",0.00187500027585216
"1979","14",0.000624999998634681
"1980","14",0.0018750001265835
"1981","243",0.00125000000340678
"1982","243",0.000625000009510666
"1983","243",0.000625000001758337
"1984","243",0.00187500000103377
"1985","14",0.00249999958017841
"1986","243",0.000624999998740852
"1987","14",0.000624999994207174
"1988","14",0.00187499999962747
"1989","172",0.000625000008041039
"1990","243",0.000624999993940815
"1991","243",0.000625000004036352
"1992","14",0.000625000007374212
"1993","243",0.00874999716654047
"1994","218",0.000624999997116625
"1995","172",0.000624999998671934
"1996","218",0.000624999996239319
"1997","218",0.007499999619985
"1998","243",0.00124999999802932
"1999","243",0.000624999995911494
"2000","243",0.00124999999728054
"2001","243",0.000624999998226762
"2002","218",0.00187499999498017
"2003","218",0.00124999999339506
"2004","243",0.00124999999902025
"2005","243",0.000624999998550862
"2006","14",0.0018750002875831
"2007","172",0.000624999993292615
"2008","218",0.00499999969864078
"2009","243",0.000625000003553927
"2010","172",0.00250000051967986
"2011","243",0.000624999992819503
"2012","243",0.00312500053173304
"2013","14",0.000624999998088926
"2014","243",0.00187499999972619
"2015","243",0.000625000000214204
"2016","243",0.00187500012729689
"2017","243",0.00187500000221282
"2018","218",0.00937500038546137
"2019","243",0.000625000003483146
"2020","218",0.00187500028158538
"2021","243",0.000624999989034608
"2022","14",0.000625000003835186
"2023","243",0.000624999999850988
"2024","14",0.0018749999968186
"2025","243",0.00125000000421889
"2026","243",0.000625000003395602
"2027","218",0.000625000000169501
"2028","218",0.000625000000497326
"2029","243",0.000625000005353242
"2030","14",0.000625000007139519
"2031","243",0.00250000067576952
"2032","14",0.000624999994467944
"2033","14",0.0018750002708938
"2034","243",0.000625000007068738
"2035","243",0.000625000006735325
"2036","243",0.000625000002233312
"2037","172",0.00125000000041723
"2038","243",0.00187499999668635
"2039","218",0.00187499987901561
"2040","218",0.000625000002333894
"2041","218",0.000625000001853332
"2042","14",0.00437500127803162
"2043","243",0.000625000003034249
"2044","243",0.000624999993069097
"2045","243",0.000625000001942739
"2046","243",0.000625000000488013
"2047","14",0.000625000000745058
"2048","243",0.000625000001175329
"2049","14",0.000625000003300607
"2050","172",0.0531249945157766
"2051","172",0.0281250045704041
"2052","243",0.0081250000157766
"2053","218",0.0924999986970145
"2054","218",0.0362499983112905
"2055","243",0.00187500000314415
"2056","172",0.00124999999256432
"2057","218",0.00124999999540672
"2058","218",0.00500000043817051
"2059","243",0.0012499999961108
"2060","243",0.000625000000242144
"2061","172",0.000625000006236136
"2062","243",0.000625000005077571
"2063","218",0.000625000000389293
"2064","243",0.000625000005768612
"2065","243",0.000625000003371388
"2066","218",0.000624999998195097
"2067","218",0.0168749983128235
"2068","243",0.0043749989898093
"2069","243",0.00125000000421703
"2070","14",0.00125000000642799
"2071","243",0.000624999997273087
"2072","243",0.00749999959207326
"2073","14",0.000625000000238419
"2074","172",0.000624999994441867
"2075","172",0.00187499972765334
"2076","172",0.000624999999428168
"2077","14",0.00062499999986589
"2078","243",0.000624999999586493
"2079","218",0.000624999993447214
"2080","243",0.000625000002706423
"2081","218",0.004375000003675
"2082","243",0.00624999932524562
"2083","243",0.000624999997179955
"2084","172",0.000624999993456528
"2085","243",0.000625000000948086
"2086","14",0.00124999999880046
"2087","243",0.00625000001103245
"2088","14",0.00124999999814108
"2089","14",0.000625000004857779
"2090","218",0.00124999999710172
"2091","172",0.00375000211217813
"2092","14",0.000625000001810491
"2093","243",0.00124999999523908
"2094","243",0.000625000000331551
"2095","243",0.00124999999249727
"2096","243",0.000625000003242865
"2097","218",0.013124999975482
"2098","243",0.000624999997032806
"2099","218",0.00124999999221042
"2100","14",0.0012499999980256
"2101","14",0.000624999997602776
"2102","14",0.00562499986354634
"2103","243",0.000624999999864027
"2104","14",0.00312500180971436
"2105","243",0.00124999999812059
"2106","243",0.000624999992966652
"2107","243",0.000624999998852611
"2108","243",0.000624999993724749
"2109","172",0.000624999998066574
"2110","14",0.000625000005079433
"2111","218",0.000625000000508502
"2112","243",0.00125000000575557
"2113","243",0.00437500039248355
"2114","243",0.00124999999352545
"2115","14",0.000624999995995313
"2116","14",0.000624999998830259
"2117","243",0.000624999999651685
"2118","243",0.000624999996451661
"2119","172",0.000624999999038875
"2120","243",0.000625000001175329
"2121","14",0.000625000005928799
"2122","172",0.00187500027676485
"2123","14",0.000624999998923391
"2124","218",0.0012500000004489
"2125","243",0.000625000003097579
"2126","243",0.00062500000182353
"2127","243",0.00249999998831004
"2128","218",0.0293750011370145
"2129","172",0.000624999999308959
"2130","243",0.000624999990699813
"2131","14",0.000625000004265457
"2132","243",0.00062499999916926
"2133","172",0.00124999999540858
"2134","243",0.00062500000782311
"2135","243",0.000624999997377396
"2136","14",0.000624999991832301
"2137","14",0.000625000011947006
"2138","218",0.00812500143948197
"2139","14",0.00124999999974109
"2140","218",0.000624999996297061
"2141","243",0.000624999993795529
"2142","243",0.000625000000521541
"2143","243",0.000624999996837229
"2144","172",0.00062500000199303
"2145","218",0.0468750262707639
"2146","172",0.0118749985120203
"2147","172",0.00125000000190735
"2148","243",0.0149999986464847
"2149","243",0.000624999993473291
"2150","243",0.000625000004224479
"2151","243",0.000625000001413748
"2152","243",0.000625000002665445
"2153","243",0.000625000003052875
"2154","14",0.000624999996125698
"2155","243",0.0118750001333896
"2156","243",0.000624999999009073
"2157","243",0.000624999997967854
"2158","14",0.0024999999937322
"2159","243",0.000625000001057982
"2160","243",0.000624999996948987
"2161","14",0.00062500000385195
"2162","243",0.00312500028062053
"2163","218",0.000624999993668869
"2164","243",0.00125000000803918
"2165","243",0.000625000005938113
"2166","243",0.000625000005403534
"2167","172",0.000625000000296161
"2168","14",0.000625000001747161
"2169","14",0.000624999998833984
"2170","243",0.00124999999457784
"2171","218",0.0193750038673561
"2172","243",0.000624999999981374
"2173","172",0.000625000007925555
"2174","243",0.00124999999803118
"2175","243",0.00125000000386313
"2176","243",0.00437500065237284
"2177","172",0.00187500000431389
"2178","243",0.00250000042194687
"2179","14",0.000624999995166436
"2180","218",0.000624999997572973
"2181","243",0.000624999997772276
"2182","243",0.00187499972907826
"2183","243",0.00249999999506027
"2184","14",0.000625000005718321
"2185","243",0.00250000000567734
"2186","14",0.000624999999534339
"2187","243",0.000624999997071922
"2188","14",0.000625000000013039
"2189","14",0.000624999992914498
"2190","172",0.00250000000304356
"2191","218",0.0475000116545279
"2192","243",0.000624999990040436
"2193","218",0.00250000082791783
"2194","14",0.0024999999919273
"2195","172",0.000624999996213242
"2196","218",0.00812500000791065
"2197","243",0.00437500081092305
"2198","14",0.000625000001383945
"2199","243",0.00562500042263418
"2200","14",0.00125000000536256
"2201","243",0.000625000002592802
"2202","218",0.00124999998468533
"2203","243",0.00125000001533143
"2204","243",0.000625000000296161
"2205","243",0.0018750000026226
"2206","14",0.000625000003103167
"2207","243",0.00250000000461936
"2208","172",0.0093749994592499
"2209","243",0.00187499972161278
"2210","14",0.00062499999881722
"2211","14",0.0212500079502705
"2212","14",0.000624999996865168
"2213","243",0.000624999998254701
"2214","243",0.000625000003308058
"2215","14",0.000625000003183261
"2216","14",0.000625000003412366
"2217","243",0.00250000042495504
"2218","14",0.000624999997207895
"2219","14",0.000625000003367662
"2220","243",0.00125000000261515
"2221","14",0.000625000009639189
"2222","172",0.000624999992886558
"2223","172",0.000624999999729916
"2224","172",0.000625000000152737
"2225","218",0.000625000003324822
"2226","14",0.00187499987788312
"2227","172",0.000624999994494021
"2228","172",0.000624999994751066
"2229","172",0.000624999987386167
"2230","243",0.00250000000306591
"2231","14",0.00812500028661452
"2232","172",0.00062499999412708
"2233","14",0.00187500027275458
"2234","243",0.0149999876378719
"2235","14",0.00125000000738353
"2236","243",0.00062500000048615
"2237","218",0.00249999999766424
"2238","172",0.000624999995660037
"2239","243",0.000624999991672114
"2240","77",0.00187499999766052
"2241","14",0.0025000004249122
"2242","14",0.00250000080640614
"2243","172",0.000625000004529953
"2244","14",0.00375000000119768
"2245","243",0.00125000000534952
"2246","243",0.0018749997190088
"2247","218",0.00062500000792928
"2248","14",0.000624999994019046
"2249","243",0.0012500000073798
"2250","14",0.00374999846152216
"2251","14",0.0125000040509291
"2252","218",0.00187500027636066
"2253","243",0.000624999994399026
"2254","243",0.00125000000495091
"2255","243",0.0137499997168574
"2256","14",0.000624999990297481
"2257","243",0.00125000000120513
"2258","14",0.00125000000864454
"2259","243",0.00437500095972605
"2260","218",0.00187499971544743
"2261","243",0.000625000010704622
"2262","243",0.000624999999737367
"2263","14",0.000624999995131046
"2264","243",0.00187499972681887
"2265","243",0.000625000001357868
"2266","243",0.00062500000817515
"2267","172",0.000624999995473772
"2268","243",0.000625000005410984
"2269","14",0.000624999998163432
"2270","14",0.000624999996440485
"2271","243",0.000624999998699874
"2272","243",0.0162500082988925
"2273","243",0.00187499999975413
"2274","243",0.000625000004244968
"2275","243",0.000625000005807728
"2276","77",0.0193750020343922
"2277","14",0.00062500000490807
"2278","218",0.000624999999182299
"2279","14",0.00625000027177855
"2280","243",0.00187500012839399
"2281","243",0.00687499970645644
"2282","243",0.00187499986787885
"2283","243",0.00124999998758733
"2284","218",0.0750000037764031
"2285","243",0.00312499986398034
"2286","14",0.00125000000473857
"2287","243",0.000624999997779727
"2288","243",0.000625000000562519
"2289","243",0.000625000001581386
"2290","14",0.106874996421985
"2291","14",0.00062499999909848
"2292","172",0.00124999999751896
"2293","14",0.000624999996498227
"2294","243",0.000625000001961365
"2295","14",0.000625000003093854
"2296","172",0.000624999995365739
"2297","243",0.000624999997582287
"2298","14",0.0512500020018648
"2299","172",0.919375071748778
"2300","14",0.00249999999788776
"2301","172",0.000624999992918223
"2302","172",0.00249999996833876
"2303","243",0.00312499917168543
"2304","14",0.000624999996673316
"2305","243",0.00812500068020262
"2306","172",0.000624999994829297
"2307","243",0.000625000008614734
"2308","14",0.00437499961658381
"2309","14",19.7162498578236
"2310","243",0.000624999997237697
"2311","172",0.00250000000306591
"2312","14",0.000625000009164214
"2313","243",0.00187500013284944
"2314","243",0.00125000000468269
"2315","243",0.0031250008054208
"2316","172",0.0087499981405586
"2317","243",0.00124999999662116
"2318","14",0.000625000004423782
"2319","14",0.00062500000314787
"2320","218",0.00187499972382374
"2321","14",0.00250000068978406
"2322","243",0.000624999993633479
"2323","14",0.000624999994495884
"2324","14",0.000625000000273809
"2325","14",0.0275000007763915
"2326","218",0.00874999904821068
"2327","14",0.000624999993130565
"2328","172",0.00812499997036904
"2329","14",0.0031249993442893
"2330","243",0.00124999999598414
"2331","14",0.000624999997990206
"2332","14",0.000625000006129965
"2333","243",0.000624999997546896
"2334","14",0.00125000000119954
"2335","243",0.000624999999679625
"2336","14",0.00062499999916181
"2337","14",0.00249999948007613
"2338","14",0.000624999999877065
"2339","14",0.00062499999740161
"2340","243",0.0018750001233425
"2341","243",0.00062500000490807
"2342","172",0.00124999999844469
"2343","243",0.000625000001937151
"2344","172",0.00625000013418868
"2345","14",0.000624999995850027
"2346","243",0.00124999999360926
"2347","243",0.00125000000334159
"2348","14",0.00124999999728054
"2349","243",0.00125000000522286
"2350","218",0.00124999999484792
"2351","243",0.000625000002775341
"2352","218",0.101875000201847
"2353","218",0.00437499974667281
"2354","14",0.00500000042383
"2355","243",0.00312500000104681
"2356","218",0.00187499972318485
"2357","243",0.00124999999932945
"2358","218",0.00124999999412708
"2359","243",0.00125000000571832
"2360","243",0.000624999999988824
"2361","243",0.000624999994922429
"2362","172",0.00312499984396063
"2363","218",0.00125000000281259
"2364","243",0.00062500000406988
"2365","243",0.000624999995950609
"2366","218",0.00374999931043386
"2367","243",0.00249999932668544
"2368","243",0.000624999991318211
"2369","172",0.000625000001722947
"2370","243",0.000625000007042661
"2371","172",0.000625000003328547
"2372","172",0.00812500012476742
"2373","14",0.0443749993151594
"2374","218",0.000624999994959682
"2375","243",0.00562500110989064
"2376","14",0.0750000010804217
"2377","172",0.00874999774640426
"2378","243",0.000625000004855916
"2379","172",0.00312499930649996
"2380","243",0.00124999999729171
"2381","14",0.000624999986387789
"2382","172",0.000624999999396503
"2383","243",0.000624999996224418
"2384","172",0.00249999999587052
"2385","172",0.00374999972364865
"2386","172",0.000624999998638406
"2387","14",0.00124999999895692
"2388","243",0.000624999999033287
"2389","243",0.000625000002380461
"2390","77",0.0218749994934127
"2391","218",0.00249999969971739
"2392","218",0.0118749995685928
"2393","243",0.00187499999960698
"2394","243",0.000625000001115724
"2395","243",0.00125000000760704
"2396","14",0.00125000000082701
"2397","172",0.00437500080132112
"2398","243",0.000625000006854534
"2399","218",0.00812500030739233
"2400","243",0.000624999998379499
"2401","14",0.000625000001149252
"2402","243",0.000625000006537885
"2403","172",0.00124999999958649
"2404","218",0.00125000000166893
"2405","243",0.000625000006468967
"2406","243",0.000624999994631857
"2407","14",0.000625000001516193
"2408","243",0.000624999999377877
"2409","243",0.000625000004261732
"2410","243",0.000624999998476356
"2411","218",0.000624999992789701
"2412","218",0.00374999969979003
"2413","172",0.00125000000796095
"2414","243",0.00187500012942776
"2415","14",0.000625000003838912
"2416","218",0.000624999993788078
"2417","243",0.00062499999089539
"2418","243",0.000625000002531335
"2419","77",0.0487500024813469
"2420","243",0.00375000068198517
"2421","243",0.0106250022565722
"2422","14",0.00250000000541657
"2423","14",0.055000001169201
"2424","172",0.000624999997079372
"2425","243",0.000625000004885718
"2426","218",0.000625000002354384
"2427","243",0.00124999999701045
"2428","218",0.000625000000903383
"2429","218",0.000624999994833022
"2430","243",0.000624999999681488
"2431","172",0.00437499916776642
"2432","218",0.00625000014223158
"2433","172",0.000625000007914379
"2434","14",0.000625000000165775
"2435","243",0.00812499944498576
"2436","14",0.000625000005768612
"2437","218",0.00187500012992695
"2438","243",0.00062499999544397
"2439","14",0.00124999999728799
"2440","172",0.00249999999990314
"2441","243",0.0150000002670642
"2442","218",0.010000000378862
"2443","218",0.000625000000432134
"2444","243",0.000625000003991649
"2445","218",0.00250000000302866
"2446","243",0.0018750002774708
"2447","172",0.000625000007571653
"2448","14",0.000624999989071861
"2449","172",0.00250000030018389
"2450","218",0.00124999998738989
"2451","243",0.000625000000650063
"2452","172",0.00624999984657392
"2453","172",0.0131250008091852
"2454","172",0.0168749959257208
"2455","243",0.0012499999979455
"2456","172",0.00874999931689538
"2457","218",0.00124999999872968
"2458","14",0.000625000000819564
"2459","243",0.00124999999857508
"2460","14",0.000624999995134771
"2461","14",0.00125000000215136
"2462","172",0.00062499999140203
"2463","218",0.000624999990591779
"2464","243",0.000625000005466864
"2465","243",0.000624999997746199
"2466","243",0.000624999996159226
"2467","14",0.000625000004081055
"2468","14",0.000625000001719221
"2469","218",0.000624999997507781
"2470","172",0.00250000000144541
"2471","172",0.00250000000909716
"2472","172",0.00687500066104159
"2473","172",0.00250000000127405
"2474","218",0.0043749994787015
"2475","243",0.00125000000182539
"2476","172",0.00249999956935458
"2477","172",0.00562500014075451
"2478","243",0.00125000000778586
"2479","243",0.0068750010693986
"2480","243",0.000624999999336898
"2481","218",0.000624999999502674
"2482","218",0.000624999998571351
"2483","243",0.00375000029210374
"2484","218",0.00375000182376243
"2485","243",0.00249999998641387
"2486","218",0.000625000000510365
"2487","172",0.0268750001238193
"2488","14",0.000624999998681247
"2489","172",0.000625000009601936
"2490","218",0.000624999999925494
"2491","243",0.000625000000927597
"2492","218",0.000625000008419156
"2493","243",0.00312500052319095
"2494","14",0.000624999997362494
"2495","218",0.000624999996930361
"2496","218",0.000625000007303432
"2497","218",0.00437500015233271
"2498","172",0.00125000000470318
"2499","218",0.00124999999650195
"2500","218",0.00125000000912882
"2501","14",0.000625000011580065
"2502","218",0.00125000000032969
"2503","243",0.000624999998064712
"2504","243",0.00187500028262101
"2505","243",0.000624999992771074
"2506","243",0.00062500000037998
"2507","243",0.00124999999414943
"2508","243",0.00437500129307807
"2509","14",0.001874999995552
"2510","243",0.00062499999490194
"2511","172",0.00937499997084215
"2512","243",0.000624999997122213
"2513","243",0.000625000002108514
"2514","14",0.000625000001871958
"2515","218",0.000624999993449077
"2516","218",0.000624999997889623
"2517","243",0.00124999999936298
"2518","243",0.00437500027772598
"2519","218",0.00187499971931614
"2520","218",0.00562499928615615
"2521","218",0.00750000000131875
"2522","243",0.000624999999089167
"2523","243",0.0012500000015758
"2524","14",0.00437499999108911
"2525","172",0.000625000001629814
"2526","243",0.000625000007197261
"2527","243",0.00125000000740401
"2528","218",0.00124999999074265
"2529","218",0.000625000003432855
"2530","243",0.000624999992093071
"2531","218",0.000625000003298745
"2532","243",0.000625000006895512
"2533","243",0.000624999998237938
"2534","218",0.00125000000144541
"2535","243",0.000624999992551282
"2536","218",0.000624999999320135
"2537","243",0.000624999990753829
"2538","243",0.000624999997731298
"2539","243",0.000625000001007691
"2540","172",0.00125000000093132
"2541","243",0.0012499999935627
"2542","243",0.000625000002745539
"2543","218",0.000624999996831641
"2544","243",0.0006249999988731
"2545","172",0.00187500011842139
"2546","243",0.000625000008502975
"2547","243",0.000624999999072403
"2548","243",0.000624999999765307
"2549","14",0.000625000004852191
"2550","172",0.0287500018528029
"2551","218",0.0293750001538638
"2552","243",0.00187499972739816
"2553","243",0.0112499973696787
"2554","14",0.0174999981634691
"2555","243",0.000625000000609085
"2556","243",0.00124999999745376
"2557","218",0.00124999999938905
"2558","218",0.00312500002784468
"2559","243",0.00562500000809878
"2560","243",0.000625000003315508
"2561","243",0.000625000001965091
"2562","172",0.000624999997133389
"2563","218",0.00312499956816621
"2564","243",0.000625000001648441
"2565","172",0.000625000008594245
"2566","243",0.000625000007053837
"2567","243",0.00062499999964796
"2568","243",0.000624999999528751
"2569","218",0.000625000003768131
"2570","243",0.00249999999468401
"2571","172",0.00375000014095567
"2572","172",0.00125000000297464
"2573","218",0.000624999998083338
"2574","243",0.000625000004772097
"2575","243",0.000624999992799014
"2576","243",0.000625000000655651
"2577","243",0.000624999998383224
"2578","14",0.0018750000115782
"2579","218",0.000625000000275672
"2580","243",0.00187500026888959
"2581","218",0.000625000002805144
"2582","218",0.00187500012417883
"2583","218",0.00125000000519305
"2584","14",0.000625000001909211
"2585","172",0.000624999993126839
"2586","172",0.00125000000012666
"2587","172",0.00187499987392128
"2588","243",0.00624999997194111
"2589","218",0.00249999999988452
"2590","243",0.00124999999414384
"2591","243",0.00250000000930205
"2592","243",0.00062499999981001
"2593","243",0.00187499999296665
"2594","218",0.0118750002806671
"2595","243",0.000624999997893348
"2596","172",0.00125000000186265
"2597","218",0.00062499999707751
"2598","243",0.00125000000138208
"2599","218",0.0143749979589898
"2600","218",0.000625000004783273
"2601","243",0.000624999990031123
"2602","243",0.00125000000080839
"2603","14",0.00124999999942817
"2604","243",0.00125000000196695
"2605","243",0.000624999999547377
"2606","172",0.0112500004271213
"2607","14",0.000624999994277954
"2608","243",0.000625000000057742
"2609","243",0.000624999993911013
"2610","243",0.00124999999693409
"2611","243",0.000625000001173466
"2612","172",0.000625000001203269
"2613","243",0.0012499999977909
"2614","218",0.00500000038288906
"2615","218",0.000624999999403954
"2616","243",0.000625000002356246
"2617","243",0.000625000002797693
"2618","218",0.000625000002898276
"2619","243",0.000624999997183681
"2620","243",0.00125000000536256
"2621","172",0.0012500000055097
"2622","243",0.000624999993151054
"2623","172",0.012500000027556
"2624","243",0.00187499988110177
"2625","172",0.000624999999044463
"2626","243",0.00125000000426546
"2627","218",0.00125000000078045
"2628","172",0.00625000069042481
"2629","172",0.00187499987587333
"2630","243",0.00187500000758097
"2631","218",0.000624999986127019
"2632","243",0.00062500001125969
"2633","218",0.000624999999072403
"2634","243",0.000624999996231869
"2635","243",0.00124999999711476
"2636","243",0.0074999986313358
"2637","172",0.000624999990317971
"2638","218",0.00187500011556968
"2639","243",0.000624999994132668
"2640","243",0.00124999999887124
"2641","243",0.00062499999599345
"2642","218",0.000624999991223216
"2643","243",0.000624999998332933
"2644","243",0.00312499931012094
"2645","243",0.000624999994117767
"2646","243",0.00250000000740029
"2647","14",0.000624999994305894
"2648","243",0.000625000002168119
"2649","172",0.00312500013382547
"2650","243",0.000624999996118248
"2651","243",0.000625000000717118
"2652","243",0.000624999993624166
"2653","218",0.00187499972118437
"2654","243",0.000625000002117828
"2655","218",0.000624999998625368
"2656","243",0.00312500042523071
"2657","218",0.00124999999052286
"2658","243",0.000625000014128163
"2659","218",0.00687500038435683
"2660","218",0.000625000001329929
"2661","243",0.00062500000128895
"2662","218",0.0012499999945201
"2663","243",0.00125000000430271
"2664","218",0.000625000002764165
"2665","218",0.000625000002371147
"2666","243",0.00437499999944493
"2667","243",0.000625000005379319
"2668","243",0.000624999998325482
"2669","172",0.00124999999935552
"2670","243",0.000624999992875382
"2671","218",0.000624999994706363
"2672","218",0.00249999999651499
"2673","243",0.000625000008799136
"2674","243",0.000624999998982996
"2675","218",0.000624999997643754
"2676","243",0.000624999993734062
"2677","243",0.000624999993083999
"2678","218",0.000625000006448478
"2679","243",0.00437500000192598
"2680","14",0.000625000000661239
"2681","243",0.000625000004081055
"2682","172",0.00249999999840185
"2683","243",0.000624999998185784
"2684","243",0.0081249991924651
"2685","218",0.00062500000395067
"2686","218",0.000624999996278435
"2687","243",0.000624999992258847
"2688","218",0.000624999989226461
"2689","243",0.00875000011486001
"2690","14",0.00187499986821599
"2691","218",0.00375000000850111
"2692","218",0.00312499955864064
"2693","243",0.0087499998678118
"2694","218",0.00124999999617226
"2695","243",0.000624999998550862
"2696","218",0.000625000004090369
"2697","243",0.00124999999973364
"2698","218",0.000624999998452142
"2699","243",0.000624999999703839
"2700","218",0.000624999995822087
"2701","243",0.00125000000550598
"2702","218",0.000625000000752509
"2703","243",0.00250000000539236
"2704","243",0.000624999999059364
"2705","243",0.00562499957520328
"2706","14",1.5068749608872
"2707","172",0.00500000082976371
