Roost,Roost size,Latitude,Longitude,Level,Distance ,Position,Region,Installation date,Installation time(end),Approach n,Approach start,Approach end,Approach date,Approach type,Solving time,Species,ArtificialSurface%,Shannon index Artificial Surface,General Shannon index,Shannon index water,Shannon index natural terrestrial vegetation
Corroboree Park,52,-35.269,149.141853,1,NA,Left,North,20230630,16:50,1,18:03:32,18:03:41,20230701,Presence,NA,Cacatua galerita,11.81,0.25236357,0.84792036,NA,0.2265368
Corroboree Park,52,-35.269,149.141853,1,NA,Left,North,20230630,16:50,2,18:11:24,18:12:14,20230701,Presence,NA,Cacatua galerita,11.81,0.25236357,0.84792036,NA,0.2265368
Corroboree Park,52,-35.269,149.141853,1,NA,Left,North,20230630,16:50,3,18:08:50,18:11:49,20230702,Attempt,NA,Cacatua galerita,11.81,0.25236357,0.84792036,NA,0.2265368
Corroboree Park,52,-35.269,149.141853,1,NA,Left,North,20230630,16:50,4,18:10:26,18:12:51,20230702,Presence,NA,Cacatua galerita,11.81,0.25236357,0.84792036,NA,0.2265368
Corroboree Park,52,-35.269,149.141853,1,NA,Left,North,20230630,16:50,5,08:13:02,08:15:06,20230703,Attempt,NA,Cacatua galerita,11.81,0.25236357,0.84792036,NA,0.2265368
Corroboree Park,52,-35.269,149.141853,1,NA,Left,North,20230630,16:50,6,08:14:24,08:15:06,20230703,Presence,NA,Cacatua galerita,11.81,0.25236357,0.84792036,NA,0.2265368
Corroboree Park,52,-35.269,149.141853,1,NA,Left,North,20230630,16:50,7,08:16:02,08:16:04,20230703,Presence,NA,Cacatua galerita,11.81,0.25236357,0.84792036,NA,0.2265368
Corroboree Park,52,-35.269,149.141853,1,NA,Left,North,20230630,16:50,8,08:16:18,08:16:55,20230703,Presence,NA,Cacatua galerita,11.81,0.25236357,0.84792036,NA,0.2265368
Corroboree Park,52,-35.269,149.141853,1,NA,Left,North,20230630,16:50,9,09:05:13,09:06:11,20230703,Attempt,NA,Cacatua galerita,11.81,0.25236357,0.84792036,NA,0.2265368
Corroboree Park,52,-35.269,149.141853,1,NA,Left,North,20230630,16:50,10,09:06:26,09:06:33,20230703,Presence,NA,Cacatua galerita,11.81,0.25236357,0.84792036,NA,0.2265368
Corroboree Park,52,-35.269,149.141853,1,NA,Left,North,20230630,16:50,11,09:06:53,09:10:29,20230703,Attempt,NA,Cacatua galerita,11.81,0.25236357,0.84792036,NA,0.2265368
Corroboree Park,52,-35.269,149.141853,1,NA,Left,North,20230630,16:50,12,09:06:53,09:10:29,20230703,Attempt,NA,Cacatua galerita,11.81,0.25236357,0.84792036,NA,0.2265368
Corroboree Park,52,-35.269,149.141853,1,NA,Left,North,20230630,16:50,13,09:10:42,09:10:49,20230703,Presence,NA,Cacatua galerita,11.81,0.25236357,0.84792036,NA,0.2265368
Corroboree Park,52,-35.269,149.141853,1,NA,Left,North,20230630,16:50,14,09:10:49,09:11:46,20230703,Presence,NA,Cacatua galerita,11.81,0.25236357,0.84792036,NA,0.2265368
Corroboree Park,52,-35.269,149.141853,1,NA,Left,North,20230630,16:50,15,17:18:55,17:19:49,20230703,Presence,NA,Cacatua galerita,11.81,0.25236357,0.84792036,NA,0.2265368
Corroboree Park,52,-35.269,149.141853,1,NA,Left,North,20230630,16:50,16,17:21:26,17:21:44,20230703,Presence,NA,Cacatua galerita,11.81,0.25236357,0.84792036,NA,0.2265368
Corroboree Park,52,-35.269,149.141853,1,NA,Left,North,20230630,16:50,17,17:22:45,17:22:50,20230703,Presence,NA,Cacatua galerita,11.81,0.25236357,0.84792036,NA,0.2265368
Corroboree Park,52,-35.269,149.141853,1,NA,Left,North,20230630,16:50,18,17:23:02,17:26:00,20230703,Presence,NA,Cacatua galerita,11.81,0.25236357,0.84792036,NA,0.2265368
Corroboree Park,52,-35.269,149.141853,1,NA,Left,North,20230630,16:50,19,17:26:36,17:28:28,20230703,Presence,NA,Cacatua galerita,11.81,0.25236357,0.84792036,NA,0.2265368
Corroboree Park,52,-35.269,149.141853,1,NA,Left,North,20230630,16:50,20,17:32:40,17:33:35,20230703,Presence,NA,Cacatua galerita,11.81,0.25236357,0.84792036,NA,0.2265368
Corroboree Park,52,-35.269,149.141853,1,NA,Left,North,20230630,16:50,21,17:34:44,17:37:06,20230703,Presence,NA,Cacatua galerita,11.81,0.25236357,0.84792036,NA,0.2265368
Corroboree Park,52,-35.269,149.141853,1,NA,Left,North,20230630,16:50,22,17:37:39,17:37:49,20230703,Presence,NA,Cacatua galerita,11.81,0.25236357,0.84792036,NA,0.2265368
Corroboree Park,52,-35.269,149.141853,1,NA,Left,North,20230630,16:50,23,17:38:21,17:39:05,20230703,Attempt,NA,Cacatua galerita,11.81,0.25236357,0.84792036,NA,0.2265368
Corroboree Park,52,-35.269,149.141853,1,NA,Left,North,20230630,16:50,24,08:29:08,08:30:37,20230704,Presence,NA,Cacatua galerita,11.81,0.25236357,0.84792036,NA,0.2265368
Corroboree Park,52,-35.269,149.141853,1,NA,Left,North,20230630,16:50,25,17:03:55,17:04:31,20230704,Attempt,NA,Cacatua galerita,11.81,0.25236357,0.84792036,NA,0.2265368
Corroboree Park,52,-35.269,149.141853,1,NA,Left,North,20230630,16:50,26,17:06:20,17:07:49,20230704,Presence,NA,Cacatua galerita,11.81,0.25236357,0.84792036,NA,0.2265368
Corroboree Park,52,-35.269,149.141853,1,NA,Left,North,20230630,16:50,27,17:08:38,17:09:30,20230704,Attempt,NA,Cacatua galerita,11.81,0.25236357,0.84792036,NA,0.2265368
Corroboree Park,52,-35.269,149.141853,1,NA,Left,North,20230630,16:50,28,17:10:44,17:18:57,20230704,Solving,17:13:16,Cacatua galerita,11.81,0.25236357,0.84792036,NA,0.2265368
Gungahlin,130,-35.167771,149.144915,1,NA,Left,Gungahlin,20230614,16:00,1,18:02:18,18:07:00,20230615,Attempt,NA,Cacatua galerita,26.65,0.35242034,1.40784303,0.02596884,0.34983796
Gungahlin,130,-35.167771,149.144915,1,NA,Left,Gungahlin,20230614,16:00,2,18:08:37,18:09:01,20230615,Attempt,NA,Cacatua galerita,26.65,0.35242034,1.40784303,0.02596884,0.34983796
Gungahlin,130,-35.167771,149.144915,1,NA,Left,Gungahlin,20230614,16:00,3,18:09:39,18:10:21,20230615,Presence,NA,Cacatua galerita,26.65,0.35242034,1.40784303,0.02596884,0.34983796
Gungahlin,130,-35.167771,149.144915,1,NA,Left,Gungahlin,20230614,16:00,4,18:09:25,18:11:45,20230615,Attempt,NA,Cacatua galerita,26.65,0.35242034,1.40784303,0.02596884,0.34983796
Gungahlin,130,-35.167771,149.144915,1,NA,Left,Gungahlin,20230614,16:00,5,18:11:58,18:15:18,20230615,Attempt,NA,Cacatua galerita,26.65,0.35242034,1.40784303,0.02596884,0.34983796
Gungahlin,130,-35.167771,149.144915,1,NA,Left,Gungahlin,20230614,16:00,6,18:15:53,18:16:45,20230615,Attempt,NA,Cacatua galerita,26.65,0.35242034,1.40784303,0.02596884,0.34983796
Gungahlin,130,-35.167771,149.144915,1,NA,Left,Gungahlin,20230614,16:00,7,18:17:04,18:17:18,20230615,Attempt,NA,Cacatua galerita,26.65,0.35242034,1.40784303,0.02596884,0.34983796
Gungahlin,130,-35.167771,149.144915,1,NA,Left,Gungahlin,20230614,16:00,8,18:19:40,18:21:08,20230616,Attempt,NA,Cacatua galerita,26.65,0.35242034,1.40784303,0.02596884,0.34983796
Gungahlin,130,-35.167771,149.144915,1,NA,Left,Gungahlin,20230614,16:00,9,18:22:30,18:23:43,20230616,Presence,NA,Cacatua galerita,26.65,0.35242034,1.40784303,0.02596884,0.34983796
Gungahlin,130,-35.167771,149.144915,1,NA,Left,Gungahlin,20230614,16:00,10,07:02:57,07:03:09,20230617,Attempt,NA,Cacatua galerita,26.65,0.35242034,1.40784303,0.02596884,0.34983796
Gungahlin,130,-35.167881,149.145186,2,10.8,Center,Gungahlin,20230614,16:00,1,17:51:08,17:51:55,20230615,Attempt,NA,Cacatua galerita,26.65,0.35242034,1.40784303,0.02596884,0.34983796
Gungahlin,130,-35.167881,149.145186,2,10.8,Center,Gungahlin,20230614,16:00,2,18:13:29,18:14:46,20230617,Attempt,NA,Cacatua galerita,26.65,0.35242034,1.40784303,0.02596884,0.34983796
Gungahlin,130,-35.167881,149.145186,2,10.8,Center,Gungahlin,20230614,16:00,3,18:14:19,18:14:21,20230617,Presence,NA,Cacatua galerita,26.65,0.35242034,1.40784303,0.02596884,0.34983796
Gungahlin,130,-35.167881,149.145186,2,10.8,Center,Gungahlin,20230614,16:00,4,17:12:25,17:13:51,20230627,Attempt,NA,Cacatua galerita,26.65,0.35242034,1.40784303,0.02596884,0.34983796
Gungahlin,130,-35.167881,149.145186,2,10.8,Center,Gungahlin,20230614,16:00,5,17:13:23,17:13:40,20230627,Attempt,NA,Cacatua galerita,26.65,0.35242034,1.40784303,0.02596884,0.34983796
Gungahlin,130,-35.167881,149.145186,2,10.8,Center,Gungahlin,20230614,16:00,6,17:13:52,17:15:28,20230627,Attempt,NA,Cacatua galerita,26.65,0.35242034,1.40784303,0.02596884,0.34983796
Gungahlin,130,-35.167881,149.145186,2,10.8,Center,Gungahlin,20230614,16:00,7,17:14:42,17:15:19,20230627,Attempt,NA,Cacatua galerita,26.65,0.35242034,1.40784303,0.02596884,0.34983796
Gungahlin,130,-35.167881,149.145186,2,10.8,Center,Gungahlin,20230614,16:00,8,17:18:29,17:19:38,20230627,Attempt,NA,Cacatua galerita,26.65,0.35242034,1.40784303,0.02596884,0.34983796
Gungahlin,130,-35.167881,149.145186,2,10.8,Center,Gungahlin,20230614,16:00,9,17:02:57,17:04:17,20230708,Attempt,NA,Cacatua galerita,26.65,0.35242034,1.40784303,0.02596884,0.34983796
Gungahlin,130,-35.167881,149.145186,2,10.8,Center,Gungahlin,20230614,16:00,10,17:03:17,17:04:17,20230708,Attempt,NA,Cacatua galerita,26.65,0.35242034,1.40784303,0.02596884,0.34983796
Gungahlin,130,-35.167881,149.145186,2,10.8,Center,Gungahlin,20230614,16:00,11,17:12:14,17:12:39,20230709,Attempt,NA,Cacatua galerita,26.65,0.35242034,1.40784303,0.02596884,0.34983796
Gungahlin,130,-35.167881,149.145186,2,10.8,Center,Gungahlin,20230614,16:00,12,17:14:29,17:15:11,20230709,Attempt,NA,Cacatua galerita,26.65,0.35242034,1.40784303,0.02596884,0.34983796
Gungahlin,130,-35.168069,149.145626,3,NA,Right,Gungahlin,20230614,16:00,1,17:32:24,17:32:47,20230615,Attempt,NA,Cacatua galerita,26.65,0.35242034,1.40784303,0.02596884,0.34983796
Gungahlin,130,-35.168069,149.145626,3,NA,Right,Gungahlin,20230614,16:00,2,17:32:58,17:33:10,20230615,Attempt,NA,Cacatua galerita,26.65,0.35242034,1.40784303,0.02596884,0.34983796
Gungahlin,130,-35.168069,149.145626,3,NA,Right,Gungahlin,20230614,16:00,3,17:52:03,17:52:22,20230615,Attempt,NA,Cacatua galerita,26.65,0.35242034,1.40784303,0.02596884,0.34983796
Gungahlin,130,-35.168069,149.145626,3,NA,Right,Gungahlin,20230614,16:00,4,17:03:57,17:04:34,20230704,Attempt,NA,Cacatua galerita,26.65,0.35242034,1.40784303,0.02596884,0.34983796
Gungahlin,130,-35.168069,149.145626,3,NA,Right,Gungahlin,20230614,16:00,5,17:10:59,17:12:04,20230709,Solving,17:12:04,Cacatua galerita,26.65,0.35242034,1.40784303,0.02596884,0.34983796
Hackett,97,-35.252048,149.161005,1,9.5,Left,North,20230718,11:45,1,11:04:26,11:06:40,20230720,Attempt,NA,Cacatua galerita,2.41,0.08980788,0.48345312,0.00219608,0.10899906
Hackett,97,-35.252048,149.161005,1,9.5,Left,North,20230718,11:45,2,11:07:27,11:10:42,20230720,Attempt,NA,Cacatua galerita,2.41,0.08980788,0.48345312,0.00219608,0.10899906
Hackett,97,-35.252048,149.161005,1,9.5,Left,North,20230718,11:45,3,11:10:54,11:12:33,20230720,Attempt,NA,Cacatua galerita,2.41,0.08980788,0.48345312,0.00219608,0.10899906
Hackett,97,-35.252048,149.161005,1,9.5,Left,North,20230718,11:45,4,11:12:54,11:17:08,20230720,Solving,11:16:03,Cacatua galerita,2.41,0.08980788,0.48345312,0.00219608,0.10899906
Hackett,97,-35.251075,149.162724,3,10.1,Right,North,20230718,11:45,1,14:40:11,14:41:05,20230824,Attempt,NA,Cacatua galerita,2.41,0.08980788,0.48345312,0.00219608,0.10899906
Hackett,97,-35.251075,149.162724,3,10.1,Right,North,20230718,11:45,2,18:29:31,18:30:35,20230826,Attempt,NA,Cacatua galerita,2.41,0.08980788,0.48345312,0.00219608,0.10899906
Hackett,97,-35.251075,149.162724,3,10.1,Right,North,20230718,11:45,3,18:04:40,18:06:04,20230828,Attempt,NA,Cacatua galerita,2.41,0.08980788,0.48345312,0.00219608,0.10899906
Hackett,97,-35.251075,149.162724,3,10.1,Right,North,20230718,11:45,4,18:07:36,18:14:35,20230828,Attempt,NA,Cacatua galerita,2.41,0.08980788,0.48345312,0.00219608,0.10899906
Hackett,97,-35.251075,149.162724,3,10.1,Right,North,20230718,11:45,5,18:16:24,18:17:00,20230828,Attempt,NA,Cacatua galerita,2.41,0.08980788,0.48345312,0.00219608,0.10899906
Hackett,97,-35.251075,149.162724,3,10.1,Right,North,20230718,11:45,6,18:18:16,18:18:48,20230828,Attempt,NA,Cacatua galerita,2.41,0.08980788,0.48345312,0.00219608,0.10899906
Hackett,97,-35.251075,149.162724,3,10.1,Right,North,20230718,11:45,7,18:18:35,18:19:17,20230828,Attempt,NA,Cacatua galerita,2.41,0.08980788,0.48345312,0.00219608,0.10899906
Lyneam,41,-35.25562,149.128381,1,13,Right,North,20230624,14:00,1,12:30:36,12:41:34,20230627,Solving,12:30:58,Cacatua galerita,11.98,0.25420794,0.95522097,0.00460151,0.25735448
Lyneam,41,-35.254317,149.127706,2,9.5,Left,North,20230624,14:00,1,12:25:50,12:26:16,20230703,Attempt,NA,Cacatua galerita,11.98,0.25420794,0.95522097,0.00460151,0.25735448
Lyneam,41,-35.254317,149.127706,2,9.5,Left,North,20230624,14:00,2,12:34:31,12:35:08,20230706,Attempt,NA,Cacatua galerita,11.98,0.25420794,0.95522097,0.00460151,0.25735448
Lyneam,41,-35.254317,149.127706,2,9.5,Left,North,20230624,14:00,3,12:35:09,12:38:04,20230706,Attempt,NA,Cacatua galerita,11.98,0.25420794,0.95522097,0.00460151,0.25735448
Lyneam,41,-35.254317,149.127706,2,9.5,Left,North,20230624,14:00,4,12:36:35,12:39:20,20230706,Attempt,NA,Cacatua galerita,11.98,0.25420794,0.95522097,0.00460151,0.25735448
Lyneam,41,-35.254317,149.127706,2,9.5,Left,North,20230624,14:00,5,12:39:42,12:40:03,20230706,Attempt,NA,Cacatua galerita,11.98,0.25420794,0.95522097,0.00460151,0.25735448
Lyneam,41,-35.254317,149.127706,2,9.5,Left,North,20230624,14:00,6,12:40:54,12:42:16,20230706,Attempt,NA,Cacatua galerita,11.98,0.25420794,0.95522097,0.00460151,0.25735448
Lyneam,41,-35.254317,149.127706,2,9.5,Left,North,20230624,14:00,7,12:42:43,12:46:06,20230706,Attempt,NA,Cacatua galerita,11.98,0.25420794,0.95522097,0.00460151,0.25735448
Lyneam,41,-35.254317,149.127706,2,9.5,Left,North,20230624,14:00,8,12:46:31,12:51:12,20230706,Attempt,NA,Cacatua galerita,11.98,0.25420794,0.95522097,0.00460151,0.25735448
Lyneam,41,-35.254317,149.127706,2,9.5,Left,North,20230624,14:00,9,12:53:02,12:54:05,20230706,Attempt,NA,Cacatua galerita,11.98,0.25420794,0.95522097,0.00460151,0.25735448
Lyneam,41,-35.254317,149.127706,2,9.5,Left,North,20230624,14:00,10,12:54:23,12:58:45,20230706,Attempt,NA,Cacatua galerita,11.98,0.25420794,0.95522097,0.00460151,0.25735448
Lyneam,41,-35.254317,149.127706,2,9.5,Left,North,20230624,14:00,11,17:56:57,17:57:59,20230710,Attempt,NA,Cacatua galerita,11.98,0.25420794,0.95522097,0.00460151,0.25735448
Lyneam,41,-35.254317,149.127706,2,9.5,Left,North,20230624,14:00,12,17:58:54,17:59:23,20230710,Attempt,NA,Cacatua galerita,11.98,0.25420794,0.95522097,0.00460151,0.25735448
Lyneam,41,-35.254317,149.127706,2,9.5,Left,North,20230624,14:00,13,18:00:10,18:01:37,20230710,Attempt,NA,Cacatua galerita,11.98,0.25420794,0.95522097,0.00460151,0.25735448
Lyneam,41,-35.254317,149.127706,2,9.5,Left,North,20230624,14:00,14,18:02:19,18:02:46,20230710,Attempt,NA,Cacatua galerita,11.98,0.25420794,0.95522097,0.00460151,0.25735448
Lyneam,41,-35.254317,149.127706,2,9.5,Left,North,20230624,14:00,15,18:03:57,18:05:06,20230710,Attempt,NA,Cacatua galerita,11.98,0.25420794,0.95522097,0.00460151,0.25735448
Lyneam,41,-35.254317,149.127706,2,9.5,Left,North,20230624,14:00,16,11:09:43,11:10:43,20230712,Attempt,NA,Cacatua galerita,11.98,0.25420794,0.95522097,0.00460151,0.25735448
Lyneam,41,-35.254317,149.127706,2,9.5,Left,North,20230624,14:00,17,11:10:58,11:16:16,20230712,Attempt,NA,Cacatua galerita,11.98,0.25420794,0.95522097,0.00460151,0.25735448
Lyneam,41,-35.254317,149.127706,2,9.5,Left,North,20230624,14:00,18,11:11:52,11:14:50,20230712,Attempt,NA,Cacatua galerita,11.98,0.25420794,0.95522097,0.00460151,0.25735448
Lyneam,41,-35.254317,149.127706,2,9.5,Left,North,20230624,14:00,19,11:16:33,11:46:14,20230712,Solving,11:19:33,Cacatua galerita,11.98,0.25420794,0.95522097,0.00460151,0.25735448
Lyneam,41,-35.254317,149.127706,3,,Center,North,20230624,14:00,1,10:29:54,10:30:44,20230630,Attempt,NA,Cacatua galerita,11.98,0.25420794,0.95522097,0.00460151,0.25735448
Lyneam,41,-35.254317,149.127706,3,,Center,North,20230624,14:00,2,10:34:50,10:35:46,20230630,Attempt,NA,Cacatua galerita,11.98,0.25420794,0.95522097,0.00460151,0.25735448
Lyneam,41,-35.254317,149.127706,3,,Center,North,20230624,14:00,3,10:37:49,10:38:42,20230630,Attempt,NA,Cacatua galerita,11.98,0.25420794,0.95522097,0.00460151,0.25735448
Lyneam,41,-35.254317,149.127706,3,,Center,North,20230624,14:00,4,13:00:07,13:00:35,20230630,Attempt,NA,Cacatua galerita,11.98,0.25420794,0.95522097,0.00460151,0.25735448
Lyneam,41,-35.254317,149.127706,3,,Center,North,20230624,14:00,5,14:31:28,14:32:44,20230703,Attempt,NA,Cacatua galerita,11.98,0.25420794,0.95522097,0.00460151,0.25735448
Lyneam,41,-35.254317,149.127706,3,,Center,North,20230624,14:00,6,14:42:17,14:49:27,20230703,Attempt,NA,Cacatua galerita,11.98,0.25420794,0.95522097,0.00460151,0.25735448
Lyneam,41,-35.254317,149.127706,3,,Center,North,20230624,14:00,7,14:45:18,14:54:38,20230703,Attempt,NA,Cacatua galerita,11.98,0.25420794,0.95522097,0.00460151,0.25735448
Lyneam,41,-35.254317,149.127706,3,,Center,North,20230624,14:00,8,14:55:19,14:58:18,20230703,Attempt,NA,Cacatua galerita,11.98,0.25420794,0.95522097,0.00460151,0.25735448
Lyneam,41,-35.254317,149.127706,3,,Center,North,20230624,14:00,9,14:57:10,15:03:49,20230703,Attempt,NA,Cacatua galerita,11.98,0.25420794,0.95522097,0.00460151,0.25735448
Lyneam,41,-35.254317,149.127706,3,,Center,North,20230624,14:00,10,15:00:12,15:07:03,20230703,Attempt,NA,Cacatua galerita,11.98,0.25420794,0.95522097,0.00460151,0.25735448
Lyneam,41,-35.254317,149.127706,3,,Center,North,20230624,14:00,11,15:04:25,15:14:38,20230703,Attempt,NA,Cacatua galerita,11.98,0.25420794,0.95522097,0.00460151,0.25735448
Lyneam,41,-35.254317,149.127706,3,,Center,North,20230624,14:00,12,11:16:17,11:17:18,20230707,Attempt,NA,Cacatua galerita,11.98,0.25420794,0.95522097,0.00460151,0.25735448
Lyneam,41,-35.254317,149.127706,3,,Center,North,20230624,14:00,13,11:19:01,11:19:59,20230707,Attempt,NA,Cacatua galerita,11.98,0.25420794,0.95522097,0.00460151,0.25735448
Lyneam,41,-35.254317,149.127706,3,,Center,North,20230624,14:00,14,15:00:00,15:00:51,20230709,Attempt,NA,Cacatua galerita,11.98,0.25420794,0.95522097,0.00460151,0.25735448
Lyneam,41,-35.254317,149.127706,3,,Center,North,20230624,14:00,15,18:06:09,18:07:24,20230710,Attempt,NA,Cacatua galerita,11.98,0.25420794,0.95522097,0.00460151,0.25735448
Lyneam,41,-35.254317,149.127706,3,,Center,North,20230624,14:00,16,18:09:45,18:13:47,20230710,Attempt,NA,Cacatua galerita,11.98,0.25420794,0.95522097,0.00460151,0.25735448
Lyneam,41,-35.254317,149.127706,3,,Center,North,20230624,14:00,17,12:39:14,12:40:43,20230712,Attempt,NA,Cacatua galerita,11.98,0.25420794,0.95522097,0.00460151,0.25735448
Lyneam,41,-35.254317,149.127706,3,,Center,North,20230624,14:00,18,12:40:42,12:56:20,20230712,Solving,12:53:55,Cacatua galerita,11.98,0.25420794,0.95522097,0.00460151,0.25735448
Lyneam,41,-35.254317,149.127706,3,,Center,North,20230624,14:00,19,12:49:54,12:49:56,20230712,Presence,NA,Cacatua galerita,11.98,0.25420794,0.95522097,0.00460151,0.25735448
Lyneam,41,-35.254317,149.127706,3,,Center,North,20230624,14:00,20,12:51:11,12:52:36,20230712,Attempt,NA,Cacatua galerita,11.98,0.25420794,0.95522097,0.00460151,0.25735448
O'Connor,165,-35.258916,149.113906,2,10.3,Left,North,20230624,17:00,1,06:15:53,06:15:54,20230729,Presence,NA,Cacatua galerita,3.68,0.12157582,0.58440242,0.00459585,0.13892644
O'Connor,165,-35.258916,149.113906,2,10.3,Left,North,20230624,17:00,2,18:25:19,18:25:35,20230808,Attempt,NA,Cacatua galerita,3.68,0.12157582,0.58440242,0.00459585,0.13892644
War Memorial,82,-35.28384,149.145197,2,9.7,Left,North,20230703,13:15,1,13:58:03,13:58:42,20230724,Attempt,NA,Cacatua galerita,10.65,0.23857517,0.93820228,0.10175013,0.23199374
War Memorial,82,-35.28384,149.145197,2,9.7,Left,North,20230703,13:15,2,13:59:29,14:01:35,20230724,Attempt,NA,Cacatua galerita,10.65,0.23857517,0.93820228,0.10175013,0.23199374
War Memorial,82,-35.28384,149.145197,2,9.7,Left,North,20230703,13:15,3,14:02:32,14:03:28,20230724,Attempt,NA,Cacatua galerita,10.65,0.23857517,0.93820228,0.10175013,0.23199374
War Memorial,82,-35.28384,149.145197,2,9.7,Left,North,20230703,13:15,4,17:35:00,17:39:20,20230728,Attempt,NA,Cacatua galerita,10.65,0.23857517,0.93820228,0.10175013,0.23199374
War Memorial,82,-35.28384,149.145197,2,9.7,Left,North,20230703,13:15,5,17:36:21,17:37:39,20230728,Attempt,NA,Cacatua galerita,10.65,0.23857517,0.93820228,0.10175013,0.23199374
War Memorial,82,-35.28384,149.145197,2,9.7,Left,North,20230703,13:15,6,17:39:30,17:40:16,20230728,Attempt,NA,Cacatua galerita,10.65,0.23857517,0.93820228,0.10175013,0.23199374
War Memorial,82,-35.28384,149.145197,2,9.7,Left,North,20230703,13:15,7,11:41:53,11:45:08,20230801,Attempt,NA,Cacatua galerita,10.65,0.23857517,0.93820228,0.10175013,0.23199374
War Memorial,82,-35.28384,149.145197,2,9.7,Left,North,20230703,13:15,8,11:32:19,11:33:32,20230802,Attempt,NA,Cacatua galerita,10.65,0.23857517,0.93820228,0.10175013,0.23199374
War Memorial,82,-35.28384,149.145197,2,9.7,Left,North,20230703,13:15,9,11:34:50,11:36:57,20230802,Attempt,NA,Cacatua galerita,10.65,0.23857517,0.93820228,0.10175013,0.23199374
War Memorial,82,-35.28384,149.145197,2,9.7,Left,North,20230703,13:15,10,11:43:22,11:44:50,20230802,Attempt,NA,Cacatua galerita,10.65,0.23857517,0.93820228,0.10175013,0.23199374
War Memorial,82,-35.28384,149.145197,2,9.7,Left,North,20230703,13:15,11,11:49:37,11:50:14,20230802,Attempt,NA,Cacatua galerita,10.65,0.23857517,0.93820228,0.10175013,0.23199374
War Memorial,82,-35.28384,149.145197,2,9.7,Left,North,20230703,13:15,12,18:31:20,18:35:47,20230803,Attempt,NA,Cacatua galerita,10.65,0.23857517,0.93820228,0.10175013,0.23199374
War Memorial,82,-35.28384,149.145197,2,9.7,Left,North,20230703,13:15,13,18:36:20,18:37:09,20230803,Attempt,NA,Cacatua galerita,10.65,0.23857517,0.93820228,0.10175013,0.23199374
War Memorial,82,-35.28384,149.145197,2,9.7,Left,North,20230703,13:15,14,18:38:42,18:38:59,20230803,Attempt,NA,Cacatua galerita,10.65,0.23857517,0.93820228,0.10175013,0.23199374
War Memorial,82,-35.28384,149.145197,2,9.7,Left,North,20230703,13:15,15,10:33:23,10:33:34,20230804,Attempt,NA,Cacatua galerita,10.65,0.23857517,0.93820228,0.10175013,0.23199374
War Memorial,82,-35.28384,149.145197,2,9.7,Left,North,20230703,13:15,16,18:01:52,18:05:03,20230806,Attempt,NA,Cacatua galerita,10.65,0.23857517,0.93820228,0.10175013,0.23199374
War Memorial,82,-35.28384,149.145197,2,9.7,Left,North,20230703,13:15,17,18:03:15,18:03:56,20230806,Attempt,NA,Cacatua galerita,10.65,0.23857517,0.93820228,0.10175013,0.23199374
War Memorial,82,-35.28384,149.145197,2,9.7,Left,North,20230703,13:15,18,18:04:29,18:07:09,20230806,Attempt,NA,Cacatua galerita,10.65,0.23857517,0.93820228,0.10175013,0.23199374
War Memorial,82,-35.28384,149.145197,2,9.7,Left,North,20230703,13:15,19,18:07:56,18:08:27,20230806,Attempt,NA,Cacatua galerita,10.65,0.23857517,0.93820228,0.10175013,0.23199374
War Memorial,82,-35.28384,149.145197,2,9.7,Left,North,20230703,13:15,20,16:38:20,16:41:25,20230809,Attempt,NA,Cacatua galerita,10.65,0.23857517,0.93820228,0.10175013,0.23199374
War Memorial,82,-35.28384,149.145197,2,9.7,Left,North,20230703,13:15,21,16:39:45,16:47:00,20230809,Attempt,NA,Cacatua galerita,10.65,0.23857517,0.93820228,0.10175013,0.23199374
War Memorial,82,-35.28384,149.145197,2,9.7,Left,North,20230703,13:15,22,17:47:25,17:49:47,20230809,Attempt,NA,Cacatua galerita,10.65,0.23857517,0.93820228,0.10175013,0.23199374
War Memorial,82,-35.28384,149.145197,2,9.7,Left,North,20230703,13:15,23,17:51:42,17:53:47,20230809,Attempt,NA,Cacatua galerita,10.65,0.23857517,0.93820228,0.10175013,0.23199374
War Memorial,82,-35.28384,149.145197,2,9.7,Left,North,20230703,13:15,24,17:54:21,17:54:39,20230809,Attempt,NA,Cacatua galerita,10.65,0.23857517,0.93820228,0.10175013,0.23199374
War Memorial,82,-35.28384,149.145197,2,9.7,Left,North,20230703,13:15,25,08:37:05,08:37:25,20230810,Attempt,NA,Cacatua galerita,10.65,0.23857517,0.93820228,0.10175013,0.23199374
War Memorial,82,-35.28384,149.145197,2,9.7,Left,North,20230703,13:15,26,09:33:07,09:34:23,20230810,Attempt,NA,Cacatua galerita,10.65,0.23857517,0.93820228,0.10175013,0.23199374
War Memorial,82,-35.28384,149.145197,2,9.7,Left,North,20230703,13:15,27,09:35:29,09:36:55,20230810,Attempt,NA,Cacatua galerita,10.65,0.23857517,0.93820228,0.10175013,0.23199374
War Memorial,82,-35.28384,149.145197,2,9.7,Left,North,20230703,13:15,28,09:43:54,09:46:07,20230810,Attempt,NA,Cacatua galerita,10.65,0.23857517,0.93820228,0.10175013,0.23199374
War Memorial,82,-35.28384,149.145197,2,9.7,Left,North,20230703,13:15,29,09:47:06,09:47:43,20230810,Attempt,NA,Cacatua galerita,10.65,0.23857517,0.93820228,0.10175013,0.23199374
War Memorial,82,-35.28384,149.145197,2,9.7,Left,North,20230703,13:15,30,09:48:42,09:51:57,20230810,Attempt,NA,Cacatua galerita,10.65,0.23857517,0.93820228,0.10175013,0.23199374
War Memorial,82,-35.28384,149.145197,2,9.7,Left,North,20230703,13:15,31,09:53:08,09:56:34,20230810,Attempt,NA,Cacatua galerita,10.65,0.23857517,0.93820228,0.10175013,0.23199374
War Memorial,82,-35.28384,149.145197,2,9.7,Left,North,20230703,13:15,32,13:10:38,13:10:49,20230812,Attempt,NA,Cacatua galerita,10.65,0.23857517,0.93820228,0.10175013,0.23199374
War Memorial,82,-35.28384,149.145197,2,9.7,Left,North,20230703,13:15,33,13:10:49,13:11:19,20230812,Attempt,NA,Cacatua galerita,10.65,0.23857517,0.93820228,0.10175013,0.23199374
War Memorial,82,-35.28384,149.145197,2,9.7,Left,North,20230703,13:15,34,13:11:27,13:11:29,20230812,Presence,NA,Cacatua galerita,10.65,0.23857517,0.93820228,0.10175013,0.23199374
War Memorial,82,-35.28384,149.145197,2,9.7,Left,North,20230703,13:15,35,13:11:38,13:14:37,20230812,Attempt,NA,Cacatua galerita,10.65,0.23857517,0.93820228,0.10175013,0.23199374
War Memorial,82,-35.28384,149.145197,2,9.7,Left,North,20230703,13:15,36,13:12:56,13:13:04,20230812,Presence,NA,Cacatua galerita,10.65,0.23857517,0.93820228,0.10175013,0.23199374
War Memorial,82,-35.28384,149.145197,2,9.7,Left,North,20230703,13:15,37,13:19:52,13:21:05,20230812,Attempt,NA,Cacatua galerita,10.65,0.23857517,0.93820228,0.10175013,0.23199374
War Memorial,82,-35.28384,149.145197,2,9.7,Left,North,20230703,13:15,38,13:22:32,13:24:09,20230812,Attempt,NA,Cacatua galerita,10.65,0.23857517,0.93820228,0.10175013,0.23199374
War Memorial,82,-35.28384,149.145197,2,9.7,Left,North,20230703,13:15,39,13:24:28,13:25:01,20230812,Attempt,NA,Cacatua galerita,10.65,0.23857517,0.93820228,0.10175013,0.23199374
War Memorial,82,-35.28384,149.145197,2,9.7,Left,North,20230703,13:15,40,13:32:14,13:33:19,20230816,Attempt,NA,Cacatua galerita,10.65,0.23857517,0.93820228,0.10175013,0.23199374
War Memorial,82,-35.28384,149.145197,2,9.7,Left,North,20230703,13:15,41,11:45:09,11:45:36,20230820,Attempt,NA,Cacatua galerita,10.65,0.23857517,0.93820228,0.10175013,0.23199374
War Memorial,82,-35.28384,149.145197,2,9.7,Left,North,20230703,13:15,42,18:22:42,18:23:29,20230820,Attempt,NA,Cacatua galerita,10.65,0.23857517,0.93820228,0.10175013,0.23199374
War Memorial,82,-35.28384,149.145197,2,9.7,Left,North,20230703,13:15,43,18:23:47,18:23:48,20230820,Presence,NA,Cacatua galerita,10.65,0.23857517,0.93820228,0.10175013,0.23199374
War Memorial,82,-35.28384,149.145197,2,9.7,Left,North,20230703,13:15,44,18:23:53,18:27:57,20230820,Attempt,NA,Cacatua galerita,10.65,0.23857517,0.93820228,0.10175013,0.23199374
War Memorial,82,-35.28384,149.145197,2,9.7,Left,North,20230703,13:15,45,13:11:44,13:14:29,20230821,Attempt,NA,Cacatua galerita,10.65,0.23857517,0.93820228,0.10175013,0.23199374
War Memorial,82,-35.28384,149.145197,2,9.7,Left,North,20230703,13:15,46,13:12:30,13:13:10,20230821,Attempt,NA,Cacatua galerita,10.65,0.23857517,0.93820228,0.10175013,0.23199374
War Memorial,82,-35.28384,149.145197,2,9.7,Left,North,20230703,13:15,47,13:14:08,13:15:24,20230821,Attempt,NA,Cacatua galerita,10.65,0.23857517,0.93820228,0.10175013,0.23199374
War Memorial,82,-35.28384,149.145197,2,9.7,Left,North,20230703,13:15,48,12:38:52,12:40:13,20230822,Attempt,NA,Cacatua galerita,10.65,0.23857517,0.93820228,0.10175013,0.23199374
War Memorial,82,-35.28384,149.145197,2,9.7,Left,North,20230703,13:15,49,14:51:09,14:51:17,20230822,Attempt,NA,Cacatua galerita,10.65,0.23857517,0.93820228,0.10175013,0.23199374
War Memorial,82,-35.28384,149.145197,2,9.7,Left,North,20230703,13:15,50,16:35:25,16:39:12,20230826,Attempt,NA,Cacatua galerita,10.65,0.23857517,0.93820228,0.10175013,0.23199374
War Memorial,82,-35.28384,149.145197,2,9.7,Left,North,20230703,13:15,51,16:36:00,16:39:31,20230826,Attempt,NA,Cacatua galerita,10.65,0.23857517,0.93820228,0.10175013,0.23199374
War Memorial,82,-35.28384,149.145197,2,9.7,Left,North,20230703,13:15,52,17:00:07,17:02:23,20230827,Attempt,NA,Cacatua galerita,10.65,0.23857517,0.93820228,0.10175013,0.23199374
War Memorial,82,-35.28384,149.145197,2,9.7,Left,North,20230703,13:15,53,17:28:22,17:28:41,20230904,Attempt,NA,Cacatua galerita,10.65,0.23857517,0.93820228,0.10175013,0.23199374
War Memorial,82,-35.28384,149.145197,2,9.7,Left,North,20230703,13:15,54,17:41:08,17:41:38,20230905,Attempt,NA,Cacatua galerita,10.65,0.23857517,0.93820228,0.10175013,0.23199374
War Memorial,82,-35.28384,149.145197,2,9.7,Left,North,20230703,13:15,55,17:41:52,17:41:56,20230905,Attempt,NA,Cacatua galerita,10.65,0.23857517,0.93820228,0.10175013,0.23199374
Watson,151,-35.237272,149.161154,1,13.3,Center,North,20230718,13:50,1,18:30:37,18:30:50,20230728,Presence,NA,Cacatua galerita,7.82,0.19924213,0.88846344,0.0008295,0.23426989
Watson,151,-35.237272,149.161154,1,13.3,Center,North,20230718,13:50,2,18:34:43,18:43:21,20230806,Solving,18:35:43,Cacatua galerita,7.82,0.19924213,0.88846344,0.0008295,0.23426989
Watson,151,-35.237174,149.161549,2,17.3,Right,North,20230718,13:50,1,12:10:57,12:14:40,20230819,Attempt,NA,Cacatua galerita,7.82,0.19924213,0.88846344,0.0008295,0.23426989
Watson,151,-35.237174,149.161549,2,17.3,Right,North,20230718,13:50,2,12:14:52,12:14:59,20230819,Attempt,NA,Cacatua galerita,7.82,0.19924213,0.88846344,0.0008295,0.23426989
Watson,151,-35.237174,149.161549,2,17.3,Right,North,20230718,13:50,3,12:16:11,12:48:06,20230819,Solving,12:32:51,Cacatua galerita,7.82,0.19924213,0.88846344,0.0008295,0.23426989
Watson,151,-35.237104,149.160883,3,6.5,Left,North,20230718,13:50,1,18:57:20,18:57:44,20230902,Attempt,NA,Cacatua galerita,7.82,0.19924213,0.88846344,0.0008295,0.23426989
Garis Place,165,-35.207972,149.01435,1,4.8,Center,Belconnen,20230616,15:10,1,18:06:13,18:06:32,20230624,Attempt,NA,Cacatua galerita,10.78,0.24012456,1.22516016,0.00228803,0.3522665
Garis Place,165,-35.207972,149.01435,1,4.8,Center,Belconnen,20230616,15:10,2,11:59:37,12:00:48,20230717,Attempt,NA,Cacatua galerita,10.78,0.24012456,1.22516016,0.00228803,0.3522665
Garis Place,165,-35.207972,149.01435,1,4.8,Center,Belconnen,20230616,15:10,3,12:01:18,12:01:28,20230717,Attempt,NA,Cacatua galerita,10.78,0.24012456,1.22516016,0.00228803,0.3522665
Garis Place,165,-35.207972,149.01435,1,4.8,Center,Belconnen,20230616,15:10,4,18:27:32,18:28:34,20230808,Attempt,NA,Cacatua galerita,10.78,0.24012456,1.22516016,0.00228803,0.3522665
Garis Place,165,-35.207129,149.014454,3,12,Left,Belconnen,20230616,15:10,1,13:51:57,13:53:19,20230617,Attempt,NA,Cacatua galerita,10.78,0.24012456,1.22516016,0.00228803,0.3522665
Garis Place,165,-35.207129,149.014454,3,12,Left,Belconnen,20230616,15:10,2,13:53:53,13:57:38,20230617,Attempt,NA,Cacatua galerita,10.78,0.24012456,1.22516016,0.00228803,0.3522665
Garis Place,165,-35.207129,149.014454,3,12,Left,Belconnen,20230616,15:10,3,07:57:06,08:01:58,20230708,Attempt,NA,Cacatua galerita,10.78,0.24012456,1.22516016,0.00228803,0.3522665
Garis Place,165,-35.207129,149.014454,3,12,Left,Belconnen,20230616,15:10,4,17:59:40,18:00:55,20230708,Attempt,NA,Cacatua galerita,10.78,0.24012456,1.22516016,0.00228803,0.3522665
Garis Place,165,-35.207129,149.014454,3,12,Left,Belconnen,20230616,15:10,5,18:06:02,18:06:11,20230708,Attempt,NA,Cacatua galerita,10.78,0.24012456,1.22516016,0.00228803,0.3522665
Garis Place,165,-35.207129,149.014454,3,12,Left,Belconnen,20230616,15:10,6,18:15:54,18:17:23,20230710,Attempt,NA,Cacatua galerita,10.78,0.24012456,1.22516016,0.00228803,0.3522665
Garis Place,165,-35.207129,149.014454,3,12,Left,Belconnen,20230616,15:10,7,18:20:46,18:21:40,20230710,Attempt,NA,Cacatua galerita,10.78,0.24012456,1.22516016,0.00228803,0.3522665
Garis Place,165,-35.207129,149.014454,3,12,Left,Belconnen,20230616,15:10,8,18:04:41,18:04:51,20230712,Attempt,NA,Cacatua galerita,10.78,0.24012456,1.22516016,0.00228803,0.3522665
Garis Place,165,-35.207129,149.014454,3,12,Left,Belconnen,20230616,15:10,9,18:05:09,18:05:45,20230712,Attempt,NA,Cacatua galerita,10.78,0.24012456,1.22516016,0.00228803,0.3522665
Garis Place,165,-35.207129,149.014454,3,12,Left,Belconnen,20230616,15:10,10,18:15:15,18:16:23,20230712,Attempt,NA,Cacatua galerita,10.78,0.24012456,1.22516016,0.00228803,0.3522665
Garis Place,165,-35.207129,149.014454,3,12,Left,Belconnen,20230616,15:10,11,18:16:39,18:16:44,20230712,Attempt,NA,Cacatua galerita,10.78,0.24012456,1.22516016,0.00228803,0.3522665
Garis Place,165,-35.207129,149.014454,3,12,Left,Belconnen,20230616,15:10,12,18:18:02,18:19:10,20230712,Attempt,NA,Cacatua galerita,10.78,0.24012456,1.22516016,0.00228803,0.3522665
Garis Place,165,-35.207129,149.014454,3,12,Left,Belconnen,20230616,15:10,13,18:20:10,18:20:41,20230712,Attempt,NA,Cacatua galerita,10.78,0.24012456,1.22516016,0.00228803,0.3522665
Garis Place,165,-35.207129,149.014454,3,12,Left,Belconnen,20230616,15:10,14,08:06:11,08:09:17,20230713,Attempt,NA,Cacatua galerita,10.78,0.24012456,1.22516016,0.00228803,0.3522665
Garis Place,165,-35.207129,149.014454,3,12,Left,Belconnen,20230616,15:10,15,08:07:09,08:08:20,20230713,Attempt,NA,Cacatua galerita,10.78,0.24012456,1.22516016,0.00228803,0.3522665
Garis Place,165,-35.207129,149.014454,3,12,Left,Belconnen,20230616,15:10,16,08:16:00,08:21:05,20230713,Attempt,NA,Cacatua galerita,10.78,0.24012456,1.22516016,0.00228803,0.3522665
Garis Place,165,-35.207129,149.014454,3,12,Left,Belconnen,20230616,15:10,16,08:16:18,08:23:14,20230713,Attempt,NA,Cacatua galerita,10.78,0.24012456,1.22516016,0.00228803,0.3522665
Garis Place,165,-35.207129,149.014454,3,12,Left,Belconnen,20230616,15:10,17,08:33:14,08:34:56,20230713,Attempt,NA,Cacatua galerita,10.78,0.24012456,1.22516016,0.00228803,0.3522665
Garis Place,165,-35.207129,149.014454,3,12,Left,Belconnen,20230616,15:10,17,08:33:35,08:34:56,20230713,Attempt,NA,Cacatua galerita,10.78,0.24012456,1.22516016,0.00228803,0.3522665
Garis Place,165,-35.207129,149.014454,3,12,Left,Belconnen,20230616,15:10,18,18:28:50,18:29:20,20230713,Attempt,NA,Cacatua galerita,10.78,0.24012456,1.22516016,0.00228803,0.3522665
Garis Place,165,-35.207129,149.014454,3,12,Left,Belconnen,20230616,15:10,19,07:51:51,07:51:52,20230713,Presence,NA,Cacatua galerita,10.78,0.24012456,1.22516016,0.00228803,0.3522665
Garis Place,165,-35.207129,149.014454,3,12,Left,Belconnen,20230616,15:10,20,18:13:10,18:16:03,20230714,Attempt,NA,Cacatua galerita,10.78,0.24012456,1.22516016,0.00228803,0.3522665
Garis Place,165,-35.207129,149.014454,3,12,Left,Belconnen,20230616,15:10,21,18:14:02,18:16:27,20230714,Attempt,NA,Cacatua galerita,10.78,0.24012456,1.22516016,0.00228803,0.3522665
Garis Place,165,-35.207129,149.014454,3,12,Left,Belconnen,20230616,15:10,22,18:22:48,18:25:45,20230715,Attempt,NA,Cacatua galerita,10.78,0.24012456,1.22516016,0.00228803,0.3522665
Garis Place,165,-35.207129,149.014454,3,12,Left,Belconnen,20230616,15:10,23,18:18:10,18:20:24,20230717,Attempt,NA,Cacatua galerita,10.78,0.24012456,1.22516016,0.00228803,0.3522665
Garis Place,165,-35.207129,149.014454,3,12,Left,Belconnen,20230616,15:10,24,18:19:34,18:20:30,20230717,Attempt,NA,Cacatua galerita,10.78,0.24012456,1.22516016,0.00228803,0.3522665
Garis Place,165,-35.207129,149.014454,3,12,Left,Belconnen,20230616,15:10,25,18:17:30,18:18:04,20230719,Attempt,NA,Cacatua galerita,10.78,0.24012456,1.22516016,0.00228803,0.3522665
Garis Place,165,-35.207129,149.014454,3,12,Left,Belconnen,20230616,15:10,26,18:19:27,18:20:56,20230720,Attempt,NA,Cacatua galerita,10.78,0.24012456,1.22516016,0.00228803,0.3522665
Garis Place,165,-35.207129,149.014454,3,12,Left,Belconnen,20230616,15:10,27,18:21:59,18:22:04,20230720,Attempt,NA,Cacatua galerita,10.78,0.24012456,1.22516016,0.00228803,0.3522665
Garis Place,165,-35.207129,149.014454,3,12,Left,Belconnen,20230616,15:10,28,18:25:49,18:28:52,20230720,Attempt,NA,Cacatua galerita,10.78,0.24012456,1.22516016,0.00228803,0.3522665
Garis Place,165,-35.207129,149.014454,3,12,Left,Belconnen,20230616,15:10,29,18:29:02,18:29:14,20230720,Attempt,NA,Cacatua galerita,10.78,0.24012456,1.22516016,0.00228803,0.3522665
Garis Place,165,-35.207129,149.014454,3,12,Left,Belconnen,20230616,15:10,30,18:30:06,18:30:43,20230720,Attempt,NA,Cacatua galerita,10.78,0.24012456,1.22516016,0.00228803,0.3522665
Garis Place,165,-35.207129,149.014454,3,12,Left,Belconnen,20230616,15:10,31,18:31:05,18:31:12,20230720,Attempt,NA,Cacatua galerita,10.78,0.24012456,1.22516016,0.00228803,0.3522665
Garis Place,165,-35.207129,149.014454,3,12,Left,Belconnen,20230616,15:10,32,18:32:10,18:33:02,20230720,Attempt,NA,Cacatua galerita,10.78,0.24012456,1.22516016,0.00228803,0.3522665
Garis Place,165,-35.207129,149.014454,3,12,Left,Belconnen,20230616,15:10,33,18:33:03,18:36:00,20230720,Attempt,NA,Cacatua galerita,10.78,0.24012456,1.22516016,0.00228803,0.3522665
Garis Place,165,-35.207129,149.014454,3,12,Left,Belconnen,20230616,15:10,34,18:10:52,18:11:29,20230723,Attempt,NA,Cacatua galerita,10.78,0.24012456,1.22516016,0.00228803,0.3522665
Garis Place,165,-35.207129,149.014454,3,12,Left,Belconnen,20230616,15:10,35,18:11:42,18:12:18,20230723,Attempt,NA,Cacatua galerita,10.78,0.24012456,1.22516016,0.00228803,0.3522665
Garis Place,165,-35.207129,149.014454,3,12,Left,Belconnen,20230616,15:10,36,18:37:59,18:38:13,20230723,Attempt,NA,Cacatua galerita,10.78,0.24012456,1.22516016,0.00228803,0.3522665
Garis Place,165,-35.207129,149.014454,3,12,Left,Belconnen,20230616,15:10,37,18:17:28,18:18:39,20230725,Attempt,NA,Cacatua galerita,10.78,0.24012456,1.22516016,0.00228803,0.3522665
Garis Place,165,-35.207129,149.014454,3,12,Left,Belconnen,20230616,15:10,38,18:26:49,18:30:04,20230725,Attempt,NA,Cacatua galerita,10.78,0.24012456,1.22516016,0.00228803,0.3522665
Garis Place,165,-35.207129,149.014454,3,12,Left,Belconnen,20230616,15:10,39,17:41:15,17:41:43,20230726,Attempt,NA,Cacatua galerita,10.78,0.24012456,1.22516016,0.00228803,0.3522665
Garis Place,165,-35.207129,149.014454,3,12,Left,Belconnen,20230616,15:10,40,17:41:59,17:42:36,20230726,Attempt,NA,Cacatua galerita,10.78,0.24012456,1.22516016,0.00228803,0.3522665
Garis Place,165,-35.207129,149.014454,3,12,Left,Belconnen,20230616,15:10,41,18:28:57,18:29:14,20230727,Attempt,NA,Cacatua galerita,10.78,0.24012456,1.22516016,0.00228803,0.3522665
Garis Place,165,-35.207129,149.014454,3,12,Left,Belconnen,20230616,15:10,42,18:29:18,18:29:47,20230727,Attempt,NA,Cacatua galerita,10.78,0.24012456,1.22516016,0.00228803,0.3522665
Garis Place,165,-35.207129,149.014454,3,12,Left,Belconnen,20230616,15:10,43,18:30:47,18:31:59,20230727,Attempt,NA,Cacatua galerita,10.78,0.24012456,1.22516016,0.00228803,0.3522665
Garis Place,165,-35.207129,149.014454,3,12,Left,Belconnen,20230616,15:10,44,07:47:00,07:50:39,20230728,Attempt,NA,Cacatua galerita,10.78,0.24012456,1.22516016,0.00228803,0.3522665
Garis Place,165,-35.207129,149.014454,3,12,Left,Belconnen,20230616,15:10,45,07:51:33,07:52:48,20230728,Attempt,NA,Cacatua galerita,10.78,0.24012456,1.22516016,0.00228803,0.3522665
Garis Place,165,-35.207129,149.014454,3,12,Left,Belconnen,20230616,15:10,46,07:52:29,07:53:45,20230728,Attempt,NA,Cacatua galerita,10.78,0.24012456,1.22516016,0.00228803,0.3522665
Garis Place,165,-35.207129,149.014454,3,12,Left,Belconnen,20230616,15:10,47,18:15:32,18:16:57,20230728,Attempt,NA,Cacatua galerita,10.78,0.24012456,1.22516016,0.00228803,0.3522665
Garis Place,165,-35.207129,149.014454,3,12,Left,Belconnen,20230616,15:10,48,18:15:54,18:16:49,20230728,Attempt,NA,Cacatua galerita,10.78,0.24012456,1.22516016,0.00228803,0.3522665
Garis Place,165,-35.207129,149.014454,3,12,Left,Belconnen,20230616,15:10,49,18:17:09,18:17:55,20230728,Attempt,NA,Cacatua galerita,10.78,0.24012456,1.22516016,0.00228803,0.3522665
Garis Place,165,-35.207129,149.014454,3,12,Left,Belconnen,20230616,15:10,50,18:19:29,18:23:38,20230728,Attempt,NA,Cacatua galerita,10.78,0.24012456,1.22516016,0.00228803,0.3522665
Garis Place,165,-35.207129,149.014454,3,12,Left,Belconnen,20230616,15:10,51,18:25:16,18:27:37,20230728,Attempt,NA,Cacatua galerita,10.78,0.24012456,1.22516016,0.00228803,0.3522665
Garis Place,165,-35.207129,149.014454,3,12,Left,Belconnen,20230616,15:10,52,18:25:57,18:29:44,20230730,Attempt,NA,Cacatua galerita,10.78,0.24012456,1.22516016,0.00228803,0.3522665
Garis Place,165,-35.207129,149.014454,3,12,Left,Belconnen,20230616,15:10,53,18:31:17,18:34:26,20230730,Attempt,NA,Cacatua galerita,10.78,0.24012456,1.22516016,0.00228803,0.3522665
Garis Place,165,-35.207129,149.014454,3,12,Left,Belconnen,20230616,15:10,54,14:18:58,14:19:30,20230802,Attempt,NA,Cacatua galerita,10.78,0.24012456,1.22516016,0.00228803,0.3522665
Garis Place,165,-35.207129,149.014454,3,12,Left,Belconnen,20230616,15:10,55,18:36:37,18:37:30,20230803,Attempt,NA,Cacatua galerita,10.78,0.24012456,1.22516016,0.00228803,0.3522665
Garis Place,165,-35.207129,149.014454,3,12,Left,Belconnen,20230616,15:10,56,18:36:55,18:39:07,20230803,Attempt,NA,Cacatua galerita,10.78,0.24012456,1.22516016,0.00228803,0.3522665
Garis Place,165,-35.207129,149.014454,3,12,Left,Belconnen,20230616,15:10,57,18:29:21,18:29:25,20230804,Presence,NA,Cacatua galerita,10.78,0.24012456,1.22516016,0.00228803,0.3522665
Garis Place,165,-35.207129,149.014454,3,12,Left,Belconnen,20230616,15:10,58,18:29:52,18:31:10,20230804,Attempt,NA,Cacatua galerita,10.78,0.24012456,1.22516016,0.00228803,0.3522665
Garis Place,165,-35.207129,149.014454,3,12,Left,Belconnen,20230616,15:10,59,18:30:57,18:31:55,20230804,Attempt,NA,Cacatua galerita,10.78,0.24012456,1.22516016,0.00228803,0.3522665
Garis Place,165,-35.207129,149.014454,3,12,Left,Belconnen,20230616,15:10,60,18:32:00,18:33:48,20230804,Attempt,NA,Cacatua galerita,10.78,0.24012456,1.22516016,0.00228803,0.3522665
Garis Place,165,-35.207129,149.014454,3,12,Left,Belconnen,20230616,15:10,61,07:44:08,07:46:09,20230805,Attempt,NA,Cacatua galerita,10.78,0.24012456,1.22516016,0.00228803,0.3522665
Garis Place,165,-35.207129,149.014454,3,12,Left,Belconnen,20230616,15:10,62,07:51:29,07:56:04,20230805,Attempt,NA,Cacatua galerita,10.78,0.24012456,1.22516016,0.00228803,0.3522665
Garis Place,165,-35.207129,149.014454,3,12,Left,Belconnen,20230616,15:10,63,18:36:56,18:37:18,20230805,Attempt,NA,Cacatua galerita,10.78,0.24012456,1.22516016,0.00228803,0.3522665
Garis Place,165,-35.207129,149.014454,3,12,Left,Belconnen,20230616,15:10,64,18:17:33,18:18:17,20230806,Attempt,NA,Cacatua galerita,10.78,0.24012456,1.22516016,0.00228803,0.3522665
Garis Place,165,-35.207129,149.014454,3,12,Left,Belconnen,20230616,15:10,65,18:18:27,18:18:56,20230806,Attempt,NA,Cacatua galerita,10.78,0.24012456,1.22516016,0.00228803,0.3522665
Garis Place,165,-35.207129,149.014454,3,12,Left,Belconnen,20230616,15:10,66,18:31:32,18:31:36,20230806,Attempt,NA,Cacatua galerita,10.78,0.24012456,1.22516016,0.00228803,0.3522665
Garis Place,165,-35.207129,149.014454,3,12,Left,Belconnen,20230616,15:10,67,18:33:07,18:34:04,20230807,Attempt,NA,Cacatua galerita,10.78,0.24012456,1.22516016,0.00228803,0.3522665
Garis Place,165,-35.207129,149.014454,3,12,Left,Belconnen,20230616,15:10,68,18:45:57,18:46:33,20230807,Attempt,NA,Cacatua galerita,10.78,0.24012456,1.22516016,0.00228803,0.3522665
Garis Place,165,-35.207129,149.014454,3,12,Left,Belconnen,20230616,15:10,69,18:46:18,18:49:47,20230807,Attempt,NA,Cacatua galerita,10.78,0.24012456,1.22516016,0.00228803,0.3522665
Garis Place,165,-35.207129,149.014454,3,12,Left,Belconnen,20230616,15:10,70,07:35:35,07:44:44,20230808,Attempt,NA,Cacatua galerita,10.78,0.24012456,1.22516016,0.00228803,0.3522665
Garis Place,165,-35.207129,149.014454,3,12,Left,Belconnen,20230616,15:10,71,07:37:29,07:37:33,20230808,Presence,NA,Cacatua galerita,10.78,0.24012456,1.22516016,0.00228803,0.3522665
Garis Place,165,-35.207129,149.014454,3,12,Left,Belconnen,20230616,15:10,72,18:26:51,18:27:25,20230810,Attempt,NA,Cacatua galerita,10.78,0.24012456,1.22516016,0.00228803,0.3522665
Higgins,103,-35.228725,149.024226,1,8.4,Center,Belconnen,20230620,13:20,1,08:16:22,08:18:04,20230705,Solving,08:16:51,Cacatua galerita,6.42,0.17626089,1.13568209,0.31667473,0.32717514
Higgins,103,-35.228725,149.024226,1,8.4,Center,Belconnen,20230620,13:20,2,08:17:02,08:18:40,20230705,Attempt,NA,Cacatua galerita,6.42,0.17626089,1.13568209,0.31667473,0.32717514
Narrabundah,270,-35.336765,149.152358,1,10.9,Center,South,20230829,13:20,1,18:50:23,18:51:18,20230829,Attempt,NA,Cacatua galerita,12.12,0.25581167,1.13841243,0.3196711,0.31957769
Narrabundah,270,-35.336765,149.152358,1,10.9,Center,South,20230829,13:20,2,18:26:25,18:26:57,20230830,Attempt,NA,Cacatua galerita,12.12,0.25581167,1.13841243,0.3196711,0.31957769
Narrabundah,270,-35.336765,149.152358,1,10.9,Center,South,20230829,13:20,3,18:02:53,18:03:04,20230901,Attempt,NA,Cacatua galerita,12.12,0.25581167,1.13841243,0.3196711,0.31957769
Narrabundah,270,-35.336765,149.152358,1,10.9,Center,South,20230829,13:20,4,18:03:29,18:03:37,20230901,Attempt,NA,Cacatua galerita,12.12,0.25581167,1.13841243,0.3196711,0.31957769
Narrabundah,270,-35.336765,149.152358,1,10.9,Center,South,20230829,13:20,5,18:04:18,18:05:28,20230901,Attempt,NA,Cacatua galerita,12.12,0.25581167,1.13841243,0.3196711,0.31957769
Narrabundah,270,-35.336765,149.152358,1,10.9,Center,South,20230829,13:20,6,18:28:17,18:29:24,20230902,Attempt,NA,Cacatua galerita,12.12,0.25581167,1.13841243,0.3196711,0.31957769
Narrabundah,270,-35.336765,149.152358,1,10.9,Center,South,20230829,13:20,7,18:31:11,18:31:51,20230902,Attempt,NA,Cacatua galerita,12.12,0.25581167,1.13841243,0.3196711,0.31957769
Narrabundah,270,-35.336765,149.152358,1,10.9,Center,South,20230829,13:20,8,18:40:06,18:40:27,20230906,Attempt,NA,Cacatua galerita,12.12,0.25581167,1.13841243,0.3196711,0.31957769
Narrabundah,270,-35.336765,149.152358,1,10.9,Center,South,20230829,13:20,9,18:34:07,18:34:19,20230907,Presence,NA,Cacatua galerita,12.12,0.25581167,1.13841243,0.3196711,0.31957769
Narrabundah,270,-35.336765,149.152358,1,10.9,Center,South,20230829,13:20,10,17:48:28,17:49:05,20230908,Attempt,NA,Cacatua galerita,12.12,0.25581167,1.13841243,0.3196711,0.31957769
Narrabundah,270,-35.336765,149.152358,1,10.9,Center,South,20230829,13:20,11,17:49:37,17:50:32,20230908,Attempt,NA,Cacatua galerita,12.12,0.25581167,1.13841243,0.3196711,0.31957769
Narrabundah,270,-35.336765,149.152358,1,10.9,Center,South,20230829,13:20,12,17:53:45,17:54:00,20230908,Attempt,NA,Cacatua galerita,12.12,0.25581167,1.13841243,0.3196711,0.31957769
Narrabundah,270,-35.336765,149.152358,1,10.9,Center,South,20230829,13:20,13,18:12:36,18:12:37,20230908,Presence,NA,Cacatua galerita,12.12,0.25581167,1.13841243,0.3196711,0.31957769
Narrabundah,270,-35.336765,149.152358,1,10.9,Center,South,20230829,13:20,14,18:15:37,18:15:47,20230908,Attempt,NA,Cacatua galerita,12.12,0.25581167,1.13841243,0.3196711,0.31957769
Narrabundah,270,-35.336765,149.152358,1,10.9,Center,South,20230829,13:20,15,18:15:58,18:20:15,20230908,Attempt,NA,Cacatua galerita,12.12,0.25581167,1.13841243,0.3196711,0.31957769
Narrabundah,270,-35.336765,149.152358,1,10.9,Center,South,20230829,13:20,16,18:17:03,18:17:38,20230908,Presence,NA,Cacatua galerita,12.12,0.25581167,1.13841243,0.3196711,0.31957769
Narrabundah,270,-35.336765,149.152358,1,10.9,Center,South,20230829,13:20,17,18:25:15,18:26:10,20230909,Solving,18:26:09,Cacatua galerita,12.12,0.25581167,1.13841243,0.3196711,0.31957769
Narrabundah,270,-35.336897,149.151536,2,10.4,Left,South,20230829,13:20,1,18:41:06,18:44:09,20230902,Attempt,NA,Cacatua galerita,12.12,0.25581167,1.13841243,0.3196711,0.31957769
Narrabundah,270,-35.336897,149.151536,2,10.4,Left,South,20230829,13:20,2,17:49:35,17:49:53,20230918,Attempt,NA,Cacatua galerita,12.12,0.25581167,1.13841243,0.3196711,0.31957769
Narrabundah,270,-35.336897,149.151536,2,10.4,Left,South,20230829,13:20,3,05:51:46,05:54:26,20230924,Attempt,NA,Cacatua galerita,12.12,0.25581167,1.13841243,0.3196711,0.31957769
Narrabundah,270,-35.336897,149.151536,2,10.4,Left,South,20230829,13:20,4,18:01:57,18:02:16,20230925,Attempt,NA,Cacatua galerita,12.12,0.25581167,1.13841243,0.3196711,0.31957769
Narrabundah,270,-35.336897,149.151536,2,10.4,Left,South,20230829,13:20,5,17:50:26,17:54:10,20231009,Attempt,NA,Cacatua galerita,12.12,0.25581167,1.13841243,0.3196711,0.31957769
Narrabundah,270,-35.337425,149.153887,3,16.3,Right,South,20230829,13:20,1,18:40:35,18:47:39,20230906,Attempt,NA,Cacatua galerita,12.12,0.25581167,1.13841243,0.3196711,0.31957769
Narrabundah,270,-35.337425,149.153887,3,16.3,Right,South,20230829,13:20,2,18:41:26,18:42:49,20230906,Attempt,NA,Cacatua galerita,12.12,0.25581167,1.13841243,0.3196711,0.31957769
Narrabundah,270,-35.337425,149.153887,3,16.3,Right,South,20230829,13:20,3,18:43:09,18:43:41,20230906,Attempt,NA,Cacatua galerita,12.12,0.25581167,1.13841243,0.3196711,0.31957769
Narrabundah,270,-35.337425,149.153887,3,16.3,Right,South,20230829,13:20,4,18:44:03,18:44:59,20230906,Presence,NA,Cacatua galerita,12.12,0.25581167,1.13841243,0.3196711,0.31957769
Narrabundah,270,-35.337425,149.153887,3,16.3,Right,South,20230829,13:20,5,18:45:16,18:46:40,20230906,Attempt,NA,Cacatua galerita,12.12,0.25581167,1.13841243,0.3196711,0.31957769
Narrabundah,270,-35.337425,149.153887,3,16.3,Right,South,20230829,13:20,6,18:55:53,19:21:20,20230908,Solving,19:15:17,Cacatua galerita,12.12,0.25581167,1.13841243,0.3196711,0.31957769
Telopea Park,320,-35.316269,149.136911,2,10.6,Left,South,20230816,11:50,1,13:28:45,13:29:49,20230817,Attempt,NA,Cacatua galerita,17.47,0.30482109,1.31710336,0.21056004,0.33612151
Telopea Park,320,-35.316269,149.136911,2,10.6,Left,South,20230816,11:50,2,10:14:41,10:15:28,20230820,Attempt,NA,Cacatua galerita,17.47,0.30482109,1.31710336,0.21056004,0.33612151
Telopea Park,320,-35.316269,149.136911,2,10.6,Left,South,20230816,11:50,3,09:40:51,09:45:36,20230825,Attempt,NA,Cacatua galerita,17.47,0.30482109,1.31710336,0.21056004,0.33612151
Telopea Park,320,-35.316269,149.136911,2,10.6,Left,South,20230816,11:50,4,07:22:11,07:23:03,20230829,Attempt,NA,Cacatua galerita,17.47,0.30482109,1.31710336,0.21056004,0.33612151
Telopea Park,320,-35.316269,149.136911,2,10.6,Left,South,20230816,11:50,5,11:45:28,11:46:57,20230831,Attempt,NA,Cacatua galerita,17.47,0.30482109,1.31710336,0.21056004,0.33612151
Telopea Park,320,-35.316269,149.136911,2,10.6,Left,South,20230816,11:50,6,11:23:09,11:44:54,20230902,Solving,11:24:51,Cacatua galerita,17.47,0.30482109,1.31710336,0.21056004,0.33612151
Yarralulma,280,-35.30691,149.101011,1,12.9,Center,South,20230824,11:50,1,10:26:48,10:27:36,20230830,Attempt,NA,Cacatua galerita,5.83,0.16570515,1.17500281,0.20923071,0.29716314
Yarralulma,280,-35.30691,149.101011,1,12.9,Center,South,20230824,11:50,2,10:28:28,10:29:55,20230830,Attempt,NA,Cacatua galerita,5.83,0.16570515,1.17500281,0.20923071,0.29716314
Yarralulma,280,-35.30691,149.101011,1,12.9,Center,South,20230824,11:50,3,10:53:57,11:14:39,20230830,Solving,10:55:19,Cacatua galerita,5.83,0.16570515,1.17500281,0.20923071,0.29716314
Yarralulma,280,-35.307398,149.101357,3,16,Right,South,20230824,11:50,1,16:09:55,16:10:38,20230825,Attempt,NA,Cacatua galerita,5.83,0.16570515,1.17500281,0.20923071,0.29716314
Yarralulma,280,-35.307398,149.101357,3,16,Right,South,20230824,11:50,2,11:21:21,11:21:32,20230901,Attempt,NA,Cacatua galerita,5.83,0.16570515,1.17500281,0.20923071,0.29716314
Yarralulma,280,-35.307398,149.101357,3,16,Right,South,20230824,11:50,3,11:21:34,11:32:14,20230901,Solving,11:25:41,Cacatua galerita,5.83,0.16570515,1.17500281,0.20923071,0.29716314
Yarralulma,280,-35.306828,149.100369,2,20.1,Left,South,20230824,11:50,1,18:42:35,18:44:04,20230829,Attempt,NA,Cacatua galerita,5.83,0.16570515,1.17500281,0.20923071,0.29716314
Yarralulma,280,-35.306828,149.100369,2,20.1,Left,South,20230824,11:50,2,10:57:58,11:01:03,20230903,Attempt,NA,Cacatua galerita,5.83,0.16570515,1.17500281,0.20923071,0.29716314
Yarralulma,280,-35.306828,149.100369,2,20.1,Left,South,20230824,11:50,3,10:39:00,10:39:34,20230906,Attempt,NA,Cacatua galerita,5.83,0.16570515,1.17500281,0.20923071,0.29716314
Yarralulma,280,-35.306828,149.100369,2,20.1,Left,South,20230824,11:50,4,17:38:41,17:39:48,20230912,Presence,NA,Cacatua galerita,5.83,0.16570515,1.17500281,0.20923071,0.29716314
Yarralulma,280,-35.306828,149.100369,2,20.1,Left,South,20230824,11:50,5,17:55:47,17:55:49,20230913,Presence,NA,Cacatua galerita,5.83,0.16570515,1.17500281,0.20923071,0.29716314
Yarralulma,280,-35.306828,149.100369,2,20.1,Left,South,20230824,11:50,6,18:07:47,18:15:36,20231013,Attempt,NA,Cacatua galerita,5.83,0.16570515,1.17500281,0.20923071,0.29716314
Yarralulma,280,-35.306828,149.100369,2,20.1,Left,South,20230824,11:50,7,18:17:29,18:19:56,20231013,Attempt,NA,Cacatua galerita,5.83,0.16570515,1.17500281,0.20923071,0.29716314